Packet_No,CSI_Data
1,"CSI_DATA,11669,8c:90:2d:97:93:77,-55,11,0,0,0,0,0,0,0,0,0,-98,0,3,1,122848685,0,83,0,128,0,""[0,0,0,0,0,0,0,0,0,0,0,0,1,1,2,2,3,3,3,3,3,3,3,3,4,3,4,3,4,3,5,3,5,3,4,3,3,3,2,2,1,2,0,2,-2,2,-3,2,-4,4,-5,4,-5,5,-6,6,-5,6,-5,7,-6,8,-4,8,0,0,-3,7,-2,7,-1,6,-1,5,-1,4,-1,3,-3,3,-3,3,-3,2,-4,3,-5,4,-5,4,-6,5,-7,6,-7,6,-7,7,-8,8,-6,8,-6,7,-5,8,-6,7,-6,5,-6,5,-7,5,-7,3,-8,2,0,0,0,0,0,0,0,0,0,0]"""
2,"CSI_DATA,11670,8c:90:2d:97:93:77,-54,11,0,0,0,0,0,0,0,0,0,-98,0,3,1,122878604,0,83,0,128,0,""[0,0,0,0,0,0,0,0,0,0,0,0,-5,2,-6,2,-6,3,-7,3,-7,3,-8,3,-8,3,-7,5,-7,3,-6,3,-6,2,-5,1,-3,0,-2,-1,-1,-3,0,-6,1,-7,1,-8,1,-10,2,-11,2,-11,2,-12,1,-12,1,-12,1,-11,0,-11,0,0,0,-7,0,-6,1,-3,1,-2,2,-1,2,0,3,1,5,0,7,1,7,0,10,0,8,-1,10,-2,10,-2,10,-2,8,-3,8,-3,7,-3,6,-3,3,-2,3,-1,2,0,1,1,1,2,0,5,1,6,0,0,0,0,0,0,0,0,0,0]"""
3,"CSI_DATA,11671,8c:90:2d:97:93:77,-54,11,0,0,0,0,0,0,0,0,0,-98,0,3,1,122889134,0,83,0,128,0,""[0,0,0,0,0,0,0,0,0,0,0,0,-5,2,-6,4,-8,4,-9,4,-9,4,-9,4,-9,4,-8,4,-8,4,-6,2,-6,1,-5,0,-4,-1,-1,-2,0,-4,2,-6,4,-8,5,-8,6,-9,6,-9,8,-9,8,-10,6,-10,6,-10,8,-9,5,-9,0,0,4,-6,2,-4,1,-2,1,-1,0,1,0,2,0,5,1,5,2,6,4,6,5,8,4,8,5,8,6,6,6,6,8,6,6,5,6,4,5,2,4,1,2,1,1,1,0,0,-1,1,-4,1,-6,1,0,0,0,0,0,0,0,0,0,0]"""
4,"CSI_DATA,11672,8c:90:2d:97:93:77,-54,11,0,0,0,0,0,0,0,0,0,-98,0,3,1,122898644,0,83,0,128,0,""[0,0,0,0,0,0,0,0,0,0,0,0,4,1,5,1,7,2,7,4,7,4,7,4,8,4,7,4,7,4,5,2,4,4,2,2,0,1,-1,0,-4,-1,-7,-1,-8,-2,-9,-4,-9,-5,-11,-7,-11,-7,-12,-8,-11,-7,-11,-7,-11,-8,-9,-5,0,0,-7,-4,-4,-4,-2,-2,-1,-1,1,-1,2,-1,4,-1,5,-1,7,-2,7,-4,9,-4,8,-4,8,-5,8,-7,8,-7,8,-8,8,-8,5,-8,4,-7,2,-7,2,-5,1,-4,0,-2,0,-1,0,1,-1,4,0,0,0,0,0,0,0,0,0,0]"""
5,"CSI_DATA,11673,8c:90:2d:97:93:77,-53,11,0,0,0,0,0,0,0,0,0,-98,0,3,1,122908697,0,83,0,128,0,""[0,0,0,0,0,0,0,0,0,0,0,0,0,4,0,5,0,7,-1,9,-1,8,-1,8,-1,8,-1,8,-1,8,-1,7,-2,5,-2,4,-2,2,-2,0,-1,-2,-1,-5,-1,-7,-1,-8,-1,-11,0,-12,0,-14,0,-14,1,-12,0,-14,1,-14,0,-11,0,0,0,-8,0,-5,0,-4,0,-1,0,0,1,2,1,2,2,4,2,5,5,5,7,5,7,5,8,5,9,5,8,5,9,5,9,5,9,2,8,2,7,1,5,1,2,0,1,0,0,0,-2,0,-4,0,0,0,0,0,0,0,0,0,0,0]"""
6,"CSI_DATA,11674,8c:90:2d:97:93:77,-54,11,0,0,0,0,0,0,0,0,0,-98,0,3,1,122919242,0,83,0,128,0,""[0,0,0,0,0,0,0,0,0,0,0,0,2,2,4,4,4,4,5,5,5,5,5,5,5,6,5,5,5,5,4,4,4,5,2,4,1,2,0,1,-2,0,-5,-1,-6,-2,-8,-4,-9,-4,-9,-5,-10,-5,-12,-6,-10,-6,-12,-5,-10,-6,-10,-5,0,0,-8,-2,-6,-2,-4,-2,-2,-2,-1,-1,0,-2,1,-2,2,-4,5,-5,4,-6,5,-8,5,-8,5,-9,5,-10,5,-10,5,-12,5,-12,4,-10,2,-9,2,-8,1,-6,1,-5,1,-4,2,-1,2,1,2,2,0,0,0,0,0,0,0,0,0,0]"""
7,"CSI_DATA,11675,8c:90:2d:97:93:77,-54,11,0,0,0,0,0,0,0,0,0,-98,0,3,1,122928690,0,83,0,128,0,""[0,0,0,0,0,0,0,0,0,0,0,0,4,-1,4,-1,5,-1,6,-1,8,-1,8,-2,8,-2,6,-4,6,-2,6,-2,6,-2,5,-1,4,-1,1,0,0,1,-1,2,-2,4,-4,5,-5,5,-6,6,-6,8,-6,9,-6,9,-6,9,-6,9,-4,9,0,0,-4,6,-2,5,-2,4,-1,2,-2,1,-2,0,-2,-1,-4,-1,-6,-2,-8,-2,-10,-2,-9,-2,-10,-2,-12,-1,-13,-1,-15,0,-13,-1,-13,0,-10,0,-10,0,-8,-1,-6,-1,-5,-2,-4,-4,-2,-5,-1,-8,0,0,0,0,0,0,0,0,0,0]"""
8,"CSI_DATA,11676,8c:90:2d:97:93:77,-51,11,0,0,0,0,0,0,0,0,0,-98,0,3,1,127091792,0,83,0,128,0,""[0,0,0,0,0,0,0,0,0,0,0,0,-1,-7,-1,-8,-1,-10,0,-11,-1,-10,-1,-10,-1,-10,-1,-8,0,-8,0,-7,1,-7,2,-7,2,-5,4,-4,4,-4,5,-4,4,-2,5,-2,5,-2,5,-1,5,-1,5,-1,4,0,4,1,4,2,4,2,0,0,5,5,5,7,7,8,8,8,8,8,10,10,11,10,13,8,13,8,13,5,11,5,8,5,5,5,2,5,0,5,-2,8,-7,10,-7,11,-10,14,-10,17,-11,19,-13,20,-10,20,-8,22,-7,20,-5,19,0,0,0,0,0,0,0,0,0,0]"""
9,"CSI_DATA,11677,8c:90:2d:97:93:77,-51,11,0,0,0,0,0,0,0,0,0,-98,0,3,1,127098753,0,83,0,128,0,""[0,0,0,0,0,0,0,0,0,0,0,0,-4,-7,-4,-7,-4,-10,-4,-10,-4,-10,-4,-8,-4,-8,-4,-8,-2,-8,-1,-7,0,-7,0,-7,1,-7,2,-5,2,-5,4,-5,4,-5,4,-5,4,-4,5,-4,4,-4,5,-2,4,-1,5,-1,5,0,5,1,0,0,7,2,8,2,8,5,13,4,11,4,14,4,14,4,14,2,16,1,14,0,13,1,10,2,8,2,5,4,2,5,0,8,-2,11,-1,14,-2,16,-1,20,-2,22,-2,23,0,23,1,23,1,22,2,19,0,0,0,0,0,0,0,0,0,0]"""
10,"CSI_DATA,11678,8c:90:2d:97:93:77,-50,11,0,0,0,0,0,0,0,0,0,-98,0,3,1,127108619,0,83,0,128,0,""[0,0,0,0,0,0,0,0,0,0,0,0,4,-6,4,-7,6,-9,7,-9,6,-9,6,-7,6,-7,4,-7,4,-6,4,-6,6,-4,6,-4,6,-1,6,0,6,0,6,1,6,1,6,1,6,1,6,3,6,3,6,3,4,3,4,3,3,4,3,4,0,0,3,7,4,9,4,11,6,11,4,12,7,14,7,14,9,12,11,12,12,11,11,11,6,9,4,9,3,9,-1,7,-3,9,-7,12,-7,14,-11,14,-11,19,-12,19,-14,20,-12,22,-11,23,-9,22,-6,20,0,0,0,0,0,0,0,0,0,0]"""
11,"CSI_DATA,11679,8c:90:2d:97:93:77,-50,11,0,0,0,0,0,0,0,0,0,-98,0,3,1,127118646,0,83,0,128,0,""[0,0,0,0,0,0,0,0,0,0,0,0,1,-7,1,-9,1,-11,3,-11,3,-11,1,-11,3,-11,1,-9,3,-7,3,-7,3,-6,4,-6,4,-4,6,-1,4,-1,7,-1,7,-1,6,-1,7,0,7,0,7,0,7,0,4,0,6,1,6,3,4,3,0,0,6,4,7,6,7,7,9,7,9,7,12,9,12,9,14,7,15,6,15,4,14,6,11,6,7,6,6,7,3,7,0,9,-3,12,-3,14,-4,17,-3,20,-4,22,-4,23,-3,25,0,25,-1,23,1,20,0,0,0,0,0,0,0,0,0,0]"""
12,"CSI_DATA,11680,8c:90:2d:97:93:77,-51,11,0,0,0,0,0,0,0,0,0,-98,0,3,1,127130161,0,83,0,128,0,""[0,0,0,0,0,0,0,0,0,0,0,0,2,-7,4,-7,4,-10,5,-10,4,-10,4,-8,4,-8,2,-7,4,-7,2,-5,5,-4,5,-2,5,-1,5,0,5,1,5,1,5,1,5,2,7,2,7,2,7,2,5,2,4,2,4,2,2,5,2,4,0,0,1,7,1,8,1,10,2,10,2,11,4,13,4,14,7,13,7,13,7,11,7,11,4,10,2,8,1,8,-2,5,-5,7,-10,7,-11,8,-14,10,-14,13,-17,13,-19,14,-17,16,-17,19,-16,16,-13,16,0,0,0,0,0,0,0,0,0,0]"""
13,"CSI_DATA,11681,8c:90:2d:97:93:77,-51,11,0,0,0,0,0,0,0,0,0,-98,0,3,1,127138944,0,83,0,128,0,""[0,0,0,0,0,0,0,0,0,0,0,0,-8,0,-10,0,-11,0,-11,0,-11,0,-11,0,-10,0,-10,0,-8,0,-8,-1,-7,-2,-7,-4,-5,-4,-4,-5,-4,-5,-2,-8,-2,-8,-2,-8,-2,-8,-2,-8,-2,-8,-2,-8,-1,-7,-1,-8,0,-7,0,-7,0,0,2,-8,4,-10,4,-10,4,-11,4,-11,5,-14,5,-15,2,-15,2,-15,1,-15,1,-15,1,-13,1,-11,2,-8,5,-5,8,-4,11,-2,13,-2,15,-1,18,-2,20,-1,23,-4,23,-5,23,-8,20,-5,18,-7,0,0,0,0,0,0,0,0,0,0]"""
14,"CSI_DATA,11682,8c:90:2d:97:93:77,-51,11,0,0,0,0,0,0,0,0,0,-98,0,3,1,127148730,0,83,0,128,0,""[0,0,0,0,0,0,0,0,0,0,0,0,-7,-4,-8,-5,-10,-5,-10,-7,-10,-5,-10,-5,-10,-5,-8,-4,-8,-5,-7,-4,-5,-5,-4,-5,-2,-7,-1,-7,0,-7,1,-8,1,-8,1,-8,1,-8,1,-8,1,-8,2,-8,2,-7,2,-7,4,-7,4,-5,0,0,5,-5,7,-5,8,-7,8,-7,10,-7,10,-10,11,-11,8,-11,10,-11,8,-13,8,-11,7,-8,7,-8,7,-5,7,-1,8,0,10,2,13,4,14,7,17,5,18,7,20,7,21,5,23,4,21,4,20,2,0,0,0,0,0,0,0,0,0,0]"""
15,"CSI_DATA,11683,8c:90:2d:97:93:77,-51,11,0,0,0,0,0,0,0,0,0,-98,0,3,1,127158579,0,83,0,128,0,""[0,0,0,0,0,0,0,0,0,0,0,0,5,4,5,5,7,5,8,7,8,5,7,5,7,5,7,4,5,4,5,4,4,4,2,4,1,5,0,4,-1,5,-4,5,-4,5,-4,7,-4,7,-4,7,-4,7,-4,7,-4,5,-4,5,-5,5,-5,4,0,0,-7,4,-8,4,-10,5,-10,5,-10,5,-11,8,-11,8,-10,10,-11,10,-8,11,-10,10,-8,7,-8,5,-8,4,-8,1,-10,-1,-13,-4,-14,-4,-16,-7,-19,-5,-20,-7,-22,-7,-23,-4,-25,-2,-22,-2,-20,-1,0,0,0,0,0,0,0,0,0,0]"""
16,"CSI_DATA,11684,8c:90:2d:97:93:77,-51,11,0,0,0,0,0,0,0,0,0,-98,0,3,1,127168818,0,83,0,128,0,""[0,0,0,0,0,0,0,0,0,0,0,0,-4,-8,-5,-8,-5,-10,-5,-11,-7,-11,-5,-10,-7,-10,-5,-8,-4,-8,-4,-7,-2,-7,-1,-7,0,-7,1,-5,2,-5,5,-5,5,-7,5,-5,5,-7,5,-5,5,-7,7,-5,5,-5,5,-5,7,-4,5,-4,0,0,7,-2,8,-2,10,-2,10,-2,11,-2,13,-4,14,-4,13,-5,14,-5,13,-7,13,-5,10,-4,10,-2,8,-1,8,1,8,4,8,8,10,10,11,11,14,13,14,14,15,14,18,13,20,11,17,11,17,8,0,0,0,0,0,0,0,0,0,0]"""
17,"CSI_DATA,11685,8c:90:2d:97:93:77,-51,11,0,0,0,0,0,0,0,0,0,-98,0,3,1,127178680,0,83,0,128,0,""[0,0,0,0,0,0,0,0,0,0,0,0,2,-8,2,-10,4,-11,5,-11,4,-11,2,-11,2,-11,1,-10,2,-8,2,-7,2,-5,4,-4,4,-2,4,-1,5,0,7,1,7,0,7,1,8,1,8,1,8,1,8,1,5,1,7,1,7,2,5,2,0,0,5,4,5,5,5,5,8,5,7,7,8,7,10,8,11,7,11,7,13,5,11,5,8,5,7,5,4,7,2,7,0,10,-2,13,-1,14,-2,15,-1,18,-2,20,-2,21,-1,21,1,23,1,20,2,18,0,0,0,0,0,0,0,0,0,0]"""
18,"CSI_DATA,11686,8c:90:2d:97:93:77,-51,11,0,0,0,0,0,0,0,0,0,-98,0,3,1,127189147,0,83,0,128,0,""[0,0,0,0,0,0,0,0,0,0,0,0,-7,-7,-8,-7,-9,-8,-9,-9,-9,-8,-9,-8,-9,-8,-8,-7,-7,-7,-5,-5,-4,-7,-2,-5,-1,-5,0,-7,1,-7,2,-8,4,-7,4,-8,4,-8,4,-8,4,-8,4,-8,4,-7,4,-7,5,-7,4,-7,0,0,5,-5,7,-5,8,-5,8,-7,8,-7,9,-8,9,-9,8,-9,9,-9,8,-11,8,-9,7,-8,7,-7,8,-4,8,-1,9,0,12,2,12,2,15,5,16,4,18,5,21,4,21,2,22,0,18,0,16,-1,0,0,0,0,0,0,0,0,0,0]"""
19,"CSI_DATA,11687,8c:90:2d:97:93:77,-51,11,0,0,0,0,0,0,0,0,0,-98,0,3,1,127198688,0,83,0,128,0,""[0,0,0,0,0,0,0,0,0,0,0,0,5,-7,7,-7,8,-9,9,-9,8,-9,7,-8,7,-8,5,-8,5,-7,4,-5,5,-4,5,-2,5,0,4,1,5,2,5,4,5,4,5,4,7,5,7,5,7,5,5,5,4,4,5,5,4,7,4,5,0,0,2,7,2,7,2,8,4,8,2,9,4,11,5,11,5,9,7,9,8,8,7,9,4,8,2,8,1,8,-1,7,-4,9,-7,11,-7,12,-8,14,-8,16,-9,16,-9,18,-8,19,-7,21,-5,18,-4,16,0,0,0,0,0,0,0,0,0,0]"""
20,"CSI_DATA,11688,8c:90:2d:97:93:77,-52,11,0,0,0,0,0,0,0,0,0,-98,0,3,1,127218441,0,83,0,128,0,""[0,0,0,0,0,0,0,0,0,0,0,0,-7,5,-7,7,-8,8,-9,8,-8,8,-7,7,-7,7,-7,5,-7,4,-5,4,-7,2,-7,1,-7,-1,-5,-2,-5,-4,-7,-5,-7,-5,-7,-7,-8,-7,-8,-7,-7,-7,-7,-7,-5,-7,-5,-7,-4,-7,-4,-7,0,0,-2,-8,-2,-8,-1,-9,-2,-9,-1,-11,-2,-12,-2,-12,-4,-12,-5,-11,-5,-11,-4,-11,-2,-9,-1,-9,1,-8,2,-7,5,-8,8,-8,9,-9,11,-11,11,-14,12,-14,12,-15,11,-16,9,-18,8,-15,5,-14,0,0,0,0,0,0,0,0,0,0]"""
21,"CSI_DATA,11689,8c:90:2d:97:93:77,-51,11,0,0,0,0,0,0,0,0,0,-98,0,3,1,127228688,0,83,0,128,0,""[0,0,0,0,0,0,0,0,0,0,0,0,1,-8,1,-9,1,-11,2,-12,1,-12,1,-11,1,-11,0,-9,1,-8,1,-7,2,-5,4,-5,5,-2,5,-1,5,-1,8,0,8,-1,8,0,9,0,8,0,8,0,8,0,7,0,7,1,7,1,5,2,0,0,5,4,5,4,5,5,8,5,7,5,8,7,9,7,9,5,11,5,11,4,11,5,7,5,5,5,4,7,1,7,1,9,-1,12,0,14,-1,15,0,16,0,18,0,18,2,18,4,18,4,16,5,14,0,0,0,0,0,0,0,0,0,0]"""
22,"CSI_DATA,11690,8c:90:2d:97:93:77,-52,11,0,0,0,0,0,0,0,0,0,-98,0,3,1,127238859,0,83,0,128,0,""[0,0,0,0,0,0,0,0,0,0,0,0,7,4,7,4,8,4,8,5,8,4,8,4,8,4,7,4,5,4,4,2,2,4,1,5,0,5,-1,5,-2,7,-4,8,-4,8,-4,7,-4,8,-4,8,-4,8,-4,7,-4,5,-4,5,-5,4,-5,4,0,0,-7,2,-8,2,-9,2,-9,4,-11,4,-11,5,-12,7,-11,8,-11,7,-9,8,-9,8,-8,5,-8,4,-8,2,-8,0,-11,-1,-12,-5,-14,-5,-15,-7,-16,-5,-18,-7,-19,-5,-19,-4,-21,-1,-18,-1,-16,0,0,0,0,0,0,0,0,0,0,0]"""
23,"CSI_DATA,11691,8c:90:2d:97:93:77,-52,11,0,0,0,0,0,0,0,0,0,-98,0,3,1,127249383,0,83,0,128,0,""[0,0,0,0,0,0,0,0,0,0,0,0,-4,7,-4,7,-4,9,-5,9,-5,9,-4,8,-4,8,-4,7,-4,5,-4,4,-5,2,-7,1,-7,0,-7,-1,-8,-2,-9,-4,-8,-2,-9,-2,-9,-4,-9,-4,-9,-4,-8,-4,-5,-4,-5,-4,-5,-5,-4,-5,0,0,-2,-8,-2,-8,-2,-9,-4,-11,-2,-11,-4,-14,-5,-14,-7,-14,-8,-12,-9,-11,-8,-11,-5,-9,-4,-9,-2,-8,1,-7,2,-8,7,-9,7,-9,9,-11,9,-14,11,-14,12,-15,11,-16,9,-18,8,-16,5,-15,0,0,0,0,0,0,0,0,0,0]"""
24,"CSI_DATA,11692,8c:90:2d:97:93:77,-51,11,0,0,0,0,0,0,0,0,0,-98,0,3,1,127258704,0,83,0,128,0,""[0,0,0,0,0,0,0,0,0,0,0,0,1,7,2,7,2,9,2,9,2,9,2,8,1,8,1,7,0,5,-1,5,-2,5,-4,4,-5,4,-7,2,-7,2,-9,2,-8,2,-8,2,-9,2,-9,1,-9,1,-8,1,-7,0,-7,0,-7,-2,-5,-2,0,0,-7,-5,-7,-7,-8,-8,-11,-7,-9,-8,-12,-8,-14,-8,-14,-7,-15,-5,-15,-4,-14,-4,-9,-4,-8,-5,-7,-5,-4,-7,-1,-9,1,-12,1,-14,2,-16,1,-18,2,-19,2,-21,0,-22,-2,-22,-2,-19,-4,-18,0,0,0,0,0,0,0,0,0,0]"""
25,"CSI_DATA,11693,8c:90:2d:97:93:77,-51,11,0,0,0,0,0,0,0,0,0,-98,0,3,1,127268628,0,83,0,128,0,""[0,0,0,0,0,0,0,0,0,0,0,0,-3,-7,-3,-9,-3,-11,-3,-12,-3,-11,-3,-11,-1,-9,-1,-7,0,-7,0,-7,1,-6,3,-6,4,-4,6,-3,6,-3,7,-3,7,-3,7,-3,7,-3,7,-1,7,-1,7,-1,4,0,4,0,4,1,3,3,0,0,3,4,4,6,4,7,7,7,6,9,7,9,9,9,11,7,11,7,12,6,11,6,7,4,6,4,3,6,0,6,-3,7,-6,9,-6,11,-9,14,-9,15,-9,17,-11,19,-9,20,-7,20,-6,19,-4,17,0,0,0,0,0,0,0,0,0,0]"""
26,"CSI_DATA,11694,8c:90:2d:97:93:77,-52,11,0,0,0,0,0,0,0,0,0,-98,0,3,1,127278626,0,83,0,128,0,""[0,0,0,0,0,0,0,0,0,0,0,0,-6,5,-8,5,-8,6,-9,6,-8,6,-8,5,-8,4,-8,4,-6,2,-6,1,-6,-1,-6,-2,-6,-4,-6,-5,-5,-6,-5,-8,-5,-8,-5,-8,-5,-8,-5,-6,-5,-6,-4,-6,-2,-6,-1,-5,0,-5,1,-6,0,0,4,-6,4,-8,5,-9,4,-10,4,-10,4,-13,4,-13,1,-15,2,-15,0,-13,1,-13,1,-10,1,-9,2,-6,4,-2,8,-1,9,1,12,1,15,2,17,1,19,2,20,0,21,-1,21,-2,19,-1,16,-4,0,0,0,0,0,0,0,0,0,0]"""
27,"CSI_DATA,11695,8c:90:2d:97:93:77,-52,11,0,0,0,0,0,0,0,0,0,-98,0,3,1,127289057,0,83,0,128,0,""[0,0,0,0,0,0,0,0,0,0,0,0,5,4,6,5,8,6,8,8,8,6,6,6,6,6,5,5,4,5,2,5,0,6,-1,6,-2,5,-5,5,-5,5,-6,6,-6,6,-6,5,-8,5,-6,5,-6,4,-6,2,-5,1,-6,1,-6,-1,-6,-1,0,0,-8,-4,-9,-4,-10,-5,-12,-4,-12,-4,-13,-2,-13,-2,-13,0,-14,0,-13,1,-13,1,-9,0,-8,-1,-6,-4,-4,-5,-2,-8,-1,-12,-2,-14,-1,-17,-4,-18,-2,-21,-4,-20,-5,-21,-8,-21,-6,-18,-8,-17,0,0,0,0,0,0,0,0,0,0]"""
28,"CSI_DATA,11696,8c:90:2d:97:93:77,-52,11,0,0,0,0,0,0,0,0,0,-98,0,3,1,127298651,0,83,0,128,0,""[0,0,0,0,0,0,0,0,0,0,0,0,5,5,5,6,6,8,6,9,6,8,5,8,5,8,4,6,2,6,1,6,0,6,-1,6,-2,6,-4,5,-5,5,-6,6,-6,5,-6,5,-8,4,-8,4,-8,2,-8,2,-6,1,-8,0,-8,-1,-8,-1,0,0,-9,-4,-10,-4,-12,-4,-13,-2,-12,-4,-14,-2,-13,-1,-13,0,-14,0,-13,1,-12,1,-9,0,-8,-1,-6,-4,-4,-5,-4,-9,-2,-13,-4,-14,-4,-17,-5,-18,-5,-21,-6,-20,-9,-20,-10,-20,-9,-17,-10,-16,0,0,0,0,0,0,0,0,0,0]"""
29,"CSI_DATA,11697,8c:90:2d:97:93:77,-51,11,0,0,0,0,0,0,0,0,0,-98,0,3,1,127308642,0,83,0,128,0,""[0,0,0,0,0,0,0,0,0,0,0,0,8,-1,9,-1,10,-1,12,0,10,0,10,0,10,1,9,0,8,1,6,1,6,4,5,4,4,5,2,6,1,6,0,8,0,8,-1,8,-1,8,-1,8,-2,6,-4,6,-4,5,-4,5,-6,4,-6,5,0,0,-9,4,-9,5,-10,6,-10,6,-10,6,-10,8,-10,9,-8,9,-9,9,-6,9,-8,8,-5,5,-6,2,-6,1,-6,-2,-9,-4,-10,-8,-13,-8,-14,-9,-17,-9,-18,-10,-20,-9,-21,-8,-22,-4,-18,-5,-17,-2,0,0,0,0,0,0,0,0,0,0]"""
30,"CSI_DATA,11698,8c:90:2d:97:93:77,-51,11,0,0,0,0,0,0,0,0,0,-98,0,3,1,127318659,0,83,0,128,0,""[0,0,0,0,0,0,0,0,0,0,0,0,2,6,4,8,4,9,4,10,4,10,4,9,2,9,2,8,1,8,0,6,-1,8,-2,6,-4,5,-5,5,-6,4,-8,4,-8,4,-8,2,-9,1,-9,1,-9,0,-9,0,-8,-1,-9,-2,-9,-4,-8,-4,0,0,-9,-5,-10,-5,-10,-6,-12,-5,-10,-6,-13,-5,-12,-5,-12,-4,-13,-4,-12,-1,-10,-2,-8,-4,-5,-5,-4,-6,-1,-8,0,-10,1,-13,1,-16,1,-17,-1,-20,0,-21,-1,-21,-2,-21,-5,-20,-5,-19,-6,-16,0,0,0,0,0,0,0,0,0,0]"""
31,"CSI_DATA,11699,8c:90:2d:97:93:77,-51,11,0,0,0,0,0,0,0,0,0,-98,0,3,1,127328675,0,83,0,128,0,""[0,0,0,0,0,0,0,0,0,0,0,0,-5,5,-6,6,-8,8,-9,8,-9,8,-9,6,-9,6,-8,6,-8,4,-8,2,-8,1,-8,0,-8,-1,-6,-4,-6,-4,-6,-6,-6,-6,-5,-8,-5,-8,-5,-8,-5,-8,-4,-9,-2,-8,-1,-9,0,-9,0,-9,0,0,2,-10,2,-10,2,-12,1,-13,2,-12,1,-14,1,-13,0,-13,0,-12,-1,-10,0,-9,1,-6,2,-5,4,-4,6,-1,9,-1,13,0,14,-1,17,-1,18,-2,20,-2,20,-4,18,-6,18,-9,16,-8,13,-8,0,0,0,0,0,0,0,0,0,0]"""
32,"CSI_DATA,11700,8c:90:2d:97:93:77,-52,11,0,0,0,0,0,0,0,0,0,-98,0,3,1,127338889,0,83,0,128,0,""[0,0,0,0,0,0,0,0,0,0,0,0,-8,-4,-9,-4,-10,-5,-12,-6,-10,-6,-10,-6,-10,-6,-9,-5,-8,-6,-6,-6,-4,-6,-2,-8,-1,-8,0,-8,1,-8,2,-9,4,-9,4,-8,5,-8,5,-6,5,-6,6,-6,5,-5,6,-4,8,-2,8,-2,0,0,9,-1,10,-1,10,-1,12,-2,10,-2,12,-2,12,-2,10,-4,10,-4,9,-5,9,-2,6,-1,5,1,4,4,2,5,4,9,4,13,5,13,6,16,9,16,9,16,10,16,12,14,13,12,13,10,12,8,0,0,0,0,0,0,0,0,0,0]"""
33,"CSI_DATA,11701,8c:90:2d:97:93:77,-51,11,0,0,0,0,0,0,0,0,0,-98,0,3,1,127352250,0,83,0,128,0,""[0,0,0,0,0,0,0,0,0,0,0,0,2,-7,2,-8,4,-11,5,-11,4,-11,4,-10,4,-10,2,-8,4,-7,4,-7,5,-5,5,-4,5,-2,7,0,5,0,7,1,7,1,7,2,7,2,7,4,7,4,7,5,4,5,5,5,4,7,2,7,0,0,2,8,2,10,2,11,4,10,2,11,4,11,4,11,5,10,5,8,5,7,2,7,1,7,0,7,-2,7,-5,5,-8,7,-11,8,-11,10,-11,11,-10,14,-11,14,-11,16,-8,16,-7,16,-4,14,-2,13,0,0,0,0,0,0,0,0,0,0]"""
34,"CSI_DATA,11702,8c:90:2d:97:93:77,-51,11,0,0,0,0,0,0,0,0,0,-98,0,3,1,127358657,0,83,0,128,0,""[0,0,0,0,0,0,0,0,0,0,0,0,5,-6,5,-8,8,-9,8,-9,8,-9,6,-8,8,-8,6,-6,6,-6,5,-5,6,-2,6,-1,6,0,6,1,6,4,6,5,6,4,6,5,6,6,6,6,5,8,5,8,2,6,4,8,1,9,1,8,0,0,0,9,0,10,-1,12,1,12,0,12,1,12,1,13,2,12,2,10,2,10,1,9,0,8,-2,6,-5,6,-8,5,-10,5,-13,6,-13,8,-14,9,-14,12,-16,12,-16,13,-13,14,-12,14,-8,13,-5,12,0,0,0,0,0,0,0,0,0,0]"""
35,"CSI_DATA,11703,8c:90:2d:97:93:77,-51,11,0,0,0,0,0,0,0,0,0,-98,0,3,1,127368702,0,83,0,128,0,""[0,0,0,0,0,0,0,0,0,0,0,0,-6,4,-8,5,-9,6,-10,6,-9,6,-9,6,-9,6,-8,5,-8,4,-6,2,-6,1,-8,0,-6,-1,-6,-4,-6,-5,-8,-6,-6,-6,-6,-6,-8,-8,-8,-8,-8,-9,-6,-9,-5,-8,-5,-9,-4,-10,-2,-9,0,0,-1,-10,-1,-12,-1,-13,-2,-12,-1,-13,-2,-13,-2,-14,-4,-13,-4,-12,-5,-12,-2,-10,-1,-9,0,-9,2,-8,5,-6,8,-8,10,-8,12,-10,13,-12,12,-13,12,-14,12,-14,10,-16,9,-17,6,-14,4,-13,0,0,0,0,0,0,0,0,0,0]"""
36,"CSI_DATA,11704,8c:90:2d:97:93:77,-51,11,0,0,0,0,0,0,0,0,0,-98,0,3,1,127378683,0,83,0,128,0,""[0,0,0,0,0,0,0,0,0,0,0,0,-8,-2,-9,-2,-12,-2,-12,-4,-12,-2,-10,-2,-10,-2,-9,-2,-9,-2,-8,-2,-6,-4,-5,-5,-4,-6,-2,-6,-1,-8,0,-9,1,-9,0,-9,0,-10,0,-10,1,-10,1,-10,2,-9,2,-9,4,-9,4,-8,0,0,6,-8,6,-8,8,-8,6,-9,8,-9,8,-10,8,-12,6,-12,6,-10,5,-10,6,-9,5,-6,6,-5,8,-4,9,0,10,1,13,2,14,1,16,2,17,0,18,1,20,-1,18,-2,18,-5,14,-4,12,-5,0,0,0,0,0,0,0,0,0,0]"""
37,"CSI_DATA,11705,8c:90:2d:97:93:77,-51,11,0,0,0,0,0,0,0,0,0,-98,0,3,1,127389105,0,83,0,128,0,""[0,0,0,0,0,0,0,0,0,0,0,0,-8,1,-9,2,-12,2,-12,2,-12,2,-10,2,-10,2,-9,2,-8,1,-8,1,-8,-1,-8,-2,-6,-4,-5,-5,-5,-6,-5,-9,-5,-8,-5,-9,-5,-10,-5,-10,-5,-10,-4,-10,-2,-9,-2,-9,-1,-10,-1,-9,0,0,0,-10,1,-10,1,-12,0,-12,1,-12,1,-14,1,-14,-1,-13,-1,-13,-2,-13,-1,-12,0,-10,1,-9,4,-8,6,-6,9,-6,13,-6,13,-8,16,-8,16,-12,16,-10,17,-12,14,-13,13,-16,10,-13,6,-12,0,0,0,0,0,0,0,0,0,0]"""
38,"CSI_DATA,11706,8c:90:2d:97:93:77,-51,11,0,0,0,0,0,0,0,0,0,-98,0,3,1,127398723,0,83,0,128,0,""[0,0,0,0,0,0,0,0,0,0,0,0,2,-8,1,-9,2,-10,4,-12,2,-12,1,-10,1,-10,1,-9,1,-8,1,-6,4,-6,4,-5,5,-4,5,-1,6,-1,8,0,9,0,9,0,9,1,9,1,9,1,9,1,8,1,8,1,6,4,6,2,0,0,6,5,6,5,8,6,8,6,8,6,9,6,9,6,10,5,12,5,10,4,10,5,6,5,5,6,4,8,1,8,0,10,-2,13,-1,15,-1,17,0,19,0,20,1,20,2,19,5,17,4,16,5,13,0,0,0,0,0,0,0,0,0,0]"""
39,"CSI_DATA,11707,8c:90:2d:97:93:77,-51,11,0,0,0,0,0,0,0,0,0,-98,0,3,1,127408644,0,83,0,128,0,""[0,0,0,0,0,0,0,0,0,0,0,0,-8,1,-9,2,-10,4,-12,2,-10,2,-9,2,-9,4,-8,2,-8,1,-8,1,-8,-1,-8,-2,-6,-4,-5,-5,-5,-6,-5,-8,-6,-8,-5,-8,-6,-9,-5,-9,-5,-9,-5,-9,-4,-8,-4,-8,-2,-9,-1,-8,0,0,0,-9,0,-10,0,-10,-1,-12,0,-12,-1,-13,-1,-13,-2,-13,-4,-13,-4,-12,-4,-12,-1,-10,0,-9,1,-9,4,-6,6,-8,10,-9,10,-10,13,-10,12,-13,13,-15,15,-15,12,-16,10,-17,9,-15,5,-13,0,0,0,0,0,0,0,0,0,0]"""
40,"CSI_DATA,11708,8c:90:2d:97:93:77,-52,11,0,0,0,0,0,0,0,0,0,-98,0,3,1,127418657,0,83,0,128,0,""[0,0,0,0,0,0,0,0,0,0,0,0,-2,-9,-3,-9,-5,-10,-5,-11,-5,-10,-5,-10,-5,-10,-5,-9,-3,-7,-2,-7,-1,-6,1,-6,2,-6,3,-5,5,-5,7,-5,7,-5,7,-5,7,-5,7,-5,7,-5,7,-3,6,-3,6,-2,7,-1,6,-1,0,0,7,1,7,1,9,1,10,0,10,0,11,-1,11,-1,11,-2,12,-2,11,-3,10,-2,7,-1,7,0,6,2,6,3,6,6,6,10,7,11,9,14,10,14,10,15,12,14,12,12,14,11,11,11,11,9,0,0,0,0,0,0,0,0,0,0]"""
41,"CSI_DATA,11709,8c:90:2d:97:93:77,-52,11,0,0,0,0,0,0,0,0,0,-98,0,3,1,127428673,0,83,0,128,0,""[0,0,0,0,0,0,0,0,0,0,0,0,5,-6,5,-6,6,-9,8,-9,6,-9,6,-8,5,-8,5,-8,5,-6,5,-5,5,-4,5,-1,5,0,5,1,6,2,6,4,6,4,6,4,6,5,6,5,6,5,5,5,4,5,4,5,2,6,1,6,0,0,1,6,1,8,1,8,2,9,2,9,4,10,4,10,5,9,6,9,6,8,5,8,4,6,1,6,0,6,-2,6,-5,8,-8,9,-8,10,-10,12,-9,14,-10,16,-10,16,-9,17,-8,17,-6,14,-4,13,0,0,0,0,0,0,0,0,0,0]"""
42,"CSI_DATA,11710,8c:90:2d:97:93:77,-52,11,0,0,0,0,0,0,0,0,0,-98,0,3,1,127438942,0,83,0,128,0,""[0,0,0,0,0,0,0,0,0,0,0,0,-5,-8,-6,-8,-8,-9,-8,-10,-8,-9,-8,-9,-8,-9,-6,-8,-5,-8,-4,-8,-2,-8,-1,-8,1,-8,2,-6,4,-6,5,-8,5,-8,5,-6,6,-6,5,-6,6,-6,6,-5,5,-5,5,-4,6,-2,6,-2,0,0,8,-1,9,-1,9,-1,10,-1,10,-2,12,-2,12,-4,10,-5,10,-5,9,-6,9,-5,6,-4,6,-2,6,0,5,2,6,5,6,9,9,9,10,12,13,12,13,13,14,12,16,10,17,9,14,8,13,6,0,0,0,0,0,0,0,0,0,0]"""
43,"CSI_DATA,11711,8c:90:2d:97:93:77,-52,11,0,0,0,0,0,0,0,0,0,-98,0,3,1,127448778,0,83,0,128,0,""[0,0,0,0,0,0,0,0,0,0,0,0,-7,2,-9,3,-11,5,-12,5,-11,5,-10,3,-10,3,-9,3,-9,2,-7,1,-9,0,-7,-1,-6,-3,-6,-3,-5,-6,-6,-7,-5,-7,-5,-7,-5,-9,-5,-9,-5,-9,-3,-9,-1,-7,-1,-7,0,-9,0,-9,0,0,1,-10,1,-10,1,-11,0,-11,0,-11,0,-12,-1,-14,-2,-12,-2,-11,-3,-10,-2,-10,-1,-9,0,-7,2,-6,3,-5,7,-6,10,-6,10,-7,12,-7,12,-11,15,-11,15,-12,14,-14,12,-15,10,-12,7,-12,0,0,0,0,0,0,0,0,0,0]"""
44,"CSI_DATA,11712,8c:90:2d:97:93:77,-52,11,0,0,0,0,0,0,0,0,0,-98,0,3,1,127458605,0,83,0,128,0,""[0,0,0,0,0,0,0,0,0,0,0,0,-7,3,-8,5,-10,6,-11,6,-10,6,-10,5,-10,5,-8,5,-8,3,-7,2,-8,0,-7,-1,-7,-2,-6,-3,-6,-5,-6,-7,-5,-6,-5,-7,-5,-7,-5,-8,-5,-8,-3,-8,-1,-7,-1,-8,0,-8,0,-8,0,0,1,-10,1,-11,1,-11,0,-11,1,-11,0,-12,-1,-12,-2,-12,-2,-11,-2,-10,-2,-10,-1,-7,0,-7,2,-6,5,-3,7,-5,11,-3,11,-5,13,-6,13,-8,15,-8,16,-10,15,-11,15,-13,11,-11,8,-11,0,0,0,0,0,0,0,0,0,0]"""
45,"CSI_DATA,11713,8c:90:2d:97:93:77,-52,11,0,0,0,0,0,0,0,0,0,-98,0,3,1,127468706,0,83,0,128,0,""[0,0,0,0,0,0,0,0,0,0,0,0,-7,3,-8,3,-10,5,-11,5,-11,5,-10,5,-10,5,-8,3,-8,2,-7,1,-7,0,-7,-1,-6,-3,-6,-5,-5,-5,-5,-7,-3,-7,-3,-7,-5,-8,-3,-8,-3,-8,-2,-8,-1,-8,-1,-8,1,-8,1,-8,0,0,2,-8,2,-10,2,-11,1,-11,2,-11,1,-12,1,-12,0,-12,0,-11,-1,-10,0,-10,0,-7,1,-6,3,-5,5,-2,8,-2,11,-1,12,-3,15,-2,15,-5,16,-5,17,-7,16,-8,16,-10,13,-8,11,-8,0,0,0,0,0,0,0,0,0,0]"""
46,"CSI_DATA,11714,8c:90:2d:97:93:77,-52,11,0,0,0,0,0,0,0,0,0,-98,0,3,1,127478689,0,83,0,128,0,""[0,0,0,0,0,0,0,0,0,0,0,0,-9,0,-10,0,-11,1,-12,0,-11,0,-11,0,-11,0,-10,0,-9,-1,-7,-1,-6,-3,-6,-3,-5,-5,-2,-5,-2,-6,-1,-7,0,-9,0,-9,0,-9,0,-9,0,-9,1,-9,1,-7,2,-7,3,-7,3,-7,0,0,5,-7,6,-7,7,-7,6,-9,6,-9,6,-10,6,-11,5,-10,5,-10,3,-10,5,-9,3,-6,3,-5,5,-2,6,0,9,1,10,3,11,3,14,3,15,2,16,3,18,2,18,0,18,-1,15,-1,14,-2,0,0,0,0,0,0,0,0,0,0]"""
47,"CSI_DATA,11715,8c:90:2d:97:93:77,-52,11,0,0,0,0,0,0,0,0,0,-98,0,3,1,127489246,0,83,0,128,0,""[0,0,0,0,0,0,0,0,0,0,0,0,6,2,8,3,10,3,11,3,11,3,10,3,10,3,8,2,7,2,6,2,3,3,2,3,1,5,0,5,-1,5,-3,6,-3,7,-3,7,-3,7,-3,7,-5,7,-5,6,-5,6,-5,5,-6,5,-6,5,0,0,-7,3,-8,3,-10,5,-10,6,-10,5,-10,7,-10,7,-8,7,-10,7,-7,8,-8,7,-7,5,-7,2,-7,0,-7,-2,-10,-3,-11,-6,-12,-6,-13,-7,-16,-7,-16,-7,-18,-6,-18,-5,-18,-2,-16,-2,-13,-1,0,0,0,0,0,0,0,0,0,0]"""
48,"CSI_DATA,11716,8c:90:2d:97:93:77,-52,11,0,0,0,0,0,0,0,0,0,-98,0,3,1,127498644,0,83,0,128,0,""[0,0,0,0,0,0,0,0,0,0,0,0,6,3,7,3,10,3,10,5,10,3,10,3,9,3,7,2,6,2,5,2,3,3,2,3,1,3,0,5,-1,5,-3,6,-3,6,-3,7,-3,7,-3,7,-3,7,-5,7,-5,6,-3,6,-5,6,-5,6,0,0,-6,5,-7,5,-9,6,-9,6,-9,6,-9,7,-10,9,-9,9,-9,9,-7,9,-9,9,-7,6,-7,5,-7,2,-9,-1,-11,-2,-12,-5,-14,-3,-15,-5,-16,-3,-18,-5,-19,-3,-19,-1,-19,0,-16,0,-14,1,0,0,0,0,0,0,0,0,0,0]"""
49,"CSI_DATA,11717,8c:90:2d:97:93:77,-52,11,0,0,0,0,0,0,0,0,0,-98,0,3,1,127508669,0,83,0,128,0,""[0,0,0,0,0,0,0,0,0,0,0,0,3,6,5,7,6,8,6,8,7,8,6,7,6,7,6,5,5,5,3,3,2,5,0,5,-1,3,-3,3,-5,3,-6,5,-6,5,-7,5,-6,6,-6,6,-6,6,-6,6,-6,5,-6,5,-7,3,-7,3,0,0,-8,3,-8,2,-10,3,-10,3,-10,3,-11,5,-12,6,-11,7,-11,6,-10,7,-11,6,-8,3,-10,2,-8,1,-8,-2,-11,-3,-12,-7,-13,-6,-15,-8,-16,-7,-17,-8,-18,-7,-18,-6,-18,-3,-16,-3,-13,-2,0,0,0,0,0,0,0,0,0,0]"""
50,"CSI_DATA,11718,8c:90:2d:97:93:77,-52,11,0,0,0,0,0,0,0,0,0,-98,0,3,1,127518630,0,83,0,128,0,""[0,0,0,0,0,0,0,0,0,0,0,0,3,-7,3,-8,3,-10,5,-11,2,-11,2,-11,2,-11,1,-10,1,-8,1,-6,2,-5,2,-3,3,-2,3,-1,5,0,7,1,7,1,7,1,8,1,8,1,8,1,8,1,7,1,7,1,7,2,6,1,0,0,6,2,6,3,7,3,8,3,7,5,10,3,10,5,10,3,12,5,11,2,11,3,7,3,7,5,5,6,3,7,2,10,1,12,2,13,1,15,3,16,2,17,3,17,5,15,6,15,6,13,6,11,0,0,0,0,0,0,0,0,0,0]"""
51,"CSI_DATA,11719,8c:90:2d:97:93:77,-52,11,0,0,0,0,0,0,0,0,0,-98,0,3,1,127528662,0,83,0,128,0,""[0,0,0,0,0,0,0,0,0,0,0,0,-2,-9,-2,-10,-3,-11,-5,-11,-5,-11,-5,-10,-5,-10,-5,-9,-3,-7,-2,-6,-1,-6,0,-5,1,-5,2,-3,3,-3,6,-3,6,-5,6,-5,6,-5,6,-5,6,-6,6,-5,6,-5,6,-5,6,-3,5,-3,0,0,6,-3,7,-2,7,-2,9,-3,9,-3,10,-5,11,-5,10,-6,11,-6,9,-7,10,-6,9,-5,9,-3,9,-1,9,1,10,2,11,6,11,6,12,7,15,6,15,7,16,6,16,5,18,2,14,3,12,2,0,0,0,0,0,0,0,0,0,0]"""
52,"CSI_DATA,11720,8c:90:2d:97:93:77,-52,11,0,0,0,0,0,0,0,0,0,-98,0,3,1,127538985,0,83,0,128,0,""[0,0,0,0,0,0,0,0,0,0,0,0,2,6,4,8,5,9,5,9,6,9,5,8,5,8,5,6,4,5,2,5,1,5,0,5,-1,4,-2,4,-4,4,-6,5,-6,5,-6,5,-6,6,-6,6,-6,6,-5,6,-5,5,-5,5,-6,4,-6,4,0,0,-6,4,-8,4,-8,5,-8,5,-9,5,-9,8,-10,8,-9,9,-9,8,-8,9,-9,8,-8,6,-9,5,-9,4,-10,1,-13,0,-14,-2,-16,-1,-17,-2,-18,0,-20,-1,-20,0,-20,1,-20,2,-16,2,-13,2,0,0,0,0,0,0,0,0,0,0]"""
53,"CSI_DATA,11721,8c:90:2d:97:93:77,-52,11,0,0,0,0,0,0,0,0,0,-98,0,3,1,127548594,0,83,0,128,0,""[0,0,0,0,0,0,0,0,0,0,0,0,0,-9,-1,-10,-1,-10,-1,-12,-1,-12,-1,-10,-2,-10,-2,-9,-1,-9,-1,-8,0,-6,1,-6,2,-5,4,-4,4,-2,6,-2,6,-2,6,-2,6,-4,6,-2,6,-2,6,-2,6,-2,6,-2,6,-1,6,-1,0,0,6,-1,8,-1,8,-1,9,-1,9,-1,10,-2,12,-2,10,-4,10,-2,10,-5,10,-4,8,-2,8,-1,8,0,8,2,8,5,9,6,10,6,12,9,13,9,13,9,15,9,16,8,17,5,13,5,12,4,0,0,0,0,0,0,0,0,0,0]"""
54,"CSI_DATA,11722,8c:90:2d:97:93:77,-52,11,0,0,0,0,0,0,0,0,0,-98,0,3,1,127558648,0,83,0,128,0,""[0,0,0,0,0,0,0,0,0,0,0,0,7,0,8,0,11,0,12,1,11,0,9,0,9,0,8,-1,7,0,7,0,5,1,5,2,4,2,2,4,1,5,0,7,0,7,0,7,0,7,0,8,0,8,0,7,-1,5,-1,7,-1,7,-1,5,0,0,-2,7,-2,7,-4,8,-1,8,-2,8,-2,11,-2,11,-1,11,-1,11,1,11,0,9,-1,8,-2,8,-4,7,-5,5,-8,5,-11,5,-11,7,-14,7,-14,9,-15,8,-15,9,-15,11,-14,12,-11,11,-9,11,0,0,0,0,0,0,0,0,0,0]"""
55,"CSI_DATA,11723,8c:90:2d:97:93:77,-52,11,0,0,0,0,0,0,0,0,0,-98,0,3,1,127568635,0,83,0,128,0,""[0,0,0,0,0,0,0,0,0,0,0,0,6,-2,8,-4,10,-5,12,-4,10,-5,9,-5,9,-5,8,-5,8,-4,6,-2,6,-1,5,0,5,1,4,2,2,4,4,5,2,5,2,5,2,6,2,6,2,6,2,6,1,5,1,6,0,6,1,6,0,0,0,6,0,8,0,9,1,9,0,9,1,10,1,12,2,10,4,10,4,9,4,9,1,8,0,8,-1,6,-4,5,-5,6,-9,8,-9,9,-10,10,-10,12,-12,13,-13,13,-12,16,-10,16,-9,14,-6,13,0,0,0,0,0,0,0,0,0,0]"""
56,"CSI_DATA,11724,8c:90:2d:97:93:77,-52,11,0,0,0,0,0,0,0,0,0,-98,0,3,1,127584988,0,83,0,128,0,""[0,0,0,0,0,0,0,0,0,0,0,0,7,1,8,1,9,1,11,2,11,1,9,2,9,2,8,1,7,2,7,1,5,2,4,4,2,4,1,4,0,5,-1,7,-2,7,-2,7,-1,7,-2,7,-2,7,-2,7,-4,5,-2,5,-4,5,-4,5,0,0,-5,5,-5,7,-8,7,-7,7,-8,8,-8,9,-8,9,-7,11,-7,9,-5,11,-5,9,-4,8,-5,7,-7,4,-7,1,-9,0,-12,-1,-14,-1,-15,-2,-16,-1,-19,-2,-21,-1,-21,0,-22,2,-18,1,-16,2,0,0,0,0,0,0,0,0,0,0]"""
57,"CSI_DATA,11725,8c:90:2d:97:93:77,-54,11,1,0,1,0,1,0,1,0,0,-98,0,3,1,127590504,0,83,1,128,0,""[0,0,0,0,0,0,0,0,0,0,0,0,-1,-5,-1,-6,-1,-7,-1,-8,-1,-8,-2,-7,-2,-7,-1,-6,-1,-5,0,-5,0,-4,0,-4,1,-3,1,-2,2,-1,3,-1,4,-1,4,-1,4,-1,4,-1,4,0,4,0,3,-1,4,0,4,0,3,0,0,0,4,0,4,1,5,1,6,0,6,0,7,0,7,0,7,0,8,0,8,0,7,0,5,0,4,0,3,1,2,2,1,4,1,6,1,7,1,8,2,10,2,10,3,10,3,11,5,10,4,10,5,8,0,0,0,0,0,0,0,0,0,0]"""
58,"CSI_DATA,11726,8c:90:2d:97:93:77,-53,11,1,0,1,0,1,0,1,0,0,-98,0,3,1,127598615,0,83,1,128,0,""[0,0,0,0,0,0,0,0,0,0,0,0,-5,1,-5,1,-6,2,-7,3,-6,3,-6,2,-6,2,-5,2,-5,1,-4,1,-4,0,-3,0,-3,-1,-3,-2,-2,-3,-2,-4,-2,-4,-2,-4,-3,-5,-3,-5,-3,-5,-3,-5,-2,-4,-2,-4,-1,-4,-1,-4,0,0,0,-5,0,-5,0,-7,0,-7,0,-7,0,-8,0,-9,-1,-9,-2,-8,-2,-8,-2,-8,-1,-7,0,-6,0,-5,1,-4,3,-4,5,-3,6,-4,8,-4,9,-6,10,-6,11,-7,11,-8,10,-9,9,-8,7,-9,0,0,0,0,0,0,0,0,0,0]"""
59,"CSI_DATA,11727,8c:90:2d:97:93:77,-54,11,1,0,1,0,1,0,1,0,0,-98,0,3,1,127608712,0,83,1,128,0,""[0,0,0,0,0,0,0,0,0,0,0,0,-5,-3,-5,-3,-6,-3,-6,-3,-6,-2,-6,-2,-6,-2,-5,-2,-5,-2,-4,-1,-3,-2,-2,-2,0,-3,0,-3,0,-3,1,-4,1,-5,2,-5,2,-5,1,-5,2,-5,2,-5,2,-5,1,-4,2,-3,2,-3,0,0,3,-2,4,-2,4,-2,5,-3,5,-4,5,-4,5,-5,5,-5,5,-5,5,-5,5,-5,4,-4,4,-3,4,-2,4,0,4,1,5,3,5,4,5,5,7,6,8,6,9,6,10,6,10,5,10,5,10,4,0,0,0,0,0,0,0,0,0,0]"""
60,"CSI_DATA,11728,8c:90:2d:97:93:77,-54,11,1,0,1,0,1,0,1,0,0,-98,0,3,1,127618696,0,83,1,128,0,""[0,0,0,0,0,0,0,0,0,0,0,0,-2,-4,-2,-5,-3,-6,-3,-6,-4,-6,-4,-5,-4,-5,-4,-4,-3,-4,-2,-4,-1,-3,0,-3,0,-2,1,-2,2,-2,4,-2,4,-2,4,-2,4,-2,4,-2,4,-3,4,-3,4,-3,4,-2,4,-1,3,-1,0,0,4,0,4,0,4,0,5,0,5,0,6,0,6,0,6,0,7,0,7,-1,7,-1,5,0,5,0,4,0,4,1,3,3,2,4,3,5,3,7,3,8,4,9,4,9,5,9,6,8,6,8,6,7,0,0,0,0,0,0,0,0,0,0]"""
61,"CSI_DATA,11729,8c:90:2d:97:93:77,-54,11,1,0,1,0,1,0,1,0,0,-98,0,3,1,127628603,0,83,1,128,0,""[0,0,0,0,0,0,0,0,0,0,0,0,0,-5,0,-6,0,-7,0,-8,0,-8,0,-8,0,-7,0,-6,0,-5,0,-5,0,-4,0,-3,1,-1,2,0,3,0,5,0,5,0,5,0,6,0,6,0,6,0,5,0,5,0,5,0,5,0,4,0,0,0,3,0,3,1,3,1,4,1,4,2,5,2,5,2,5,2,6,2,6,1,6,1,5,1,5,2,4,2,2,3,2,4,1,5,1,6,0,8,1,10,1,10,1,10,2,10,3,10,3,10,3,8,0,0,0,0,0,0,0,0,0,0]"""
62,"CSI_DATA,11730,8c:90:2d:97:93:77,-54,11,1,0,1,0,1,0,1,0,0,-98,0,3,1,127639012,0,83,1,128,0,""[0,0,0,0,0,0,0,0,0,0,0,0,4,3,5,3,5,3,7,3,7,2,6,2,6,2,5,1,5,1,4,0,2,1,1,2,0,2,-1,3,-2,3,-3,4,-4,5,-4,5,-4,5,-3,6,-3,6,-3,5,-3,5,-2,5,-2,5,-2,4,0,0,-2,2,-2,3,-3,2,-3,2,-4,2,-4,3,-5,4,-4,4,-4,4,-4,5,-5,4,-4,4,-4,4,-5,3,-5,1,-5,1,-7,0,-7,0,-8,0,-9,0,-10,0,-10,0,-10,0,-10,1,-10,1,-9,1,0,0,0,0,0,0,0,0,0,0]"""
63,"CSI_DATA,11731,8c:90:2d:97:93:77,-54,11,1,0,1,0,1,0,1,0,0,-98,0,3,1,127648635,0,83,1,128,0,""[0,0,0,0,0,0,0,0,0,0,0,0,-2,5,-3,5,-3,6,-3,7,-3,7,-2,7,-1,7,-1,6,-1,5,-1,4,-1,3,-2,1,-3,0,-3,0,-4,-2,-5,-2,-6,-3,-6,-3,-6,-4,-7,-3,-7,-3,-7,-3,-6,-2,-6,-2,-5,-2,-5,-1,0,0,-4,-1,-3,-2,-3,-2,-3,-3,-3,-3,-3,-3,-4,-3,-5,-3,-5,-4,-5,-3,-5,-4,-5,-3,-4,-4,-3,-5,-3,-5,-3,-5,-2,-6,-2,-7,-1,-8,-2,-9,-2,-9,-2,-9,-3,-9,-4,-9,-3,-8,-4,-7,0,0,0,0,0,0,0,0,0,0]"""
64,"CSI_DATA,11732,8c:90:2d:97:93:77,-55,11,1,0,1,0,1,0,1,0,0,-98,0,3,1,127658834,0,83,1,128,0,""[0,0,0,0,0,0,0,0,0,0,0,0,4,-4,4,-4,4,-6,4,-7,4,-7,4,-6,3,-6,2,-5,2,-4,2,-4,2,-2,1,-1,1,0,1,1,2,3,2,4,2,4,3,4,3,5,4,5,4,5,4,4,3,4,3,4,3,3,2,3,0,0,1,2,0,2,0,2,0,3,0,3,0,3,0,4,0,4,1,4,1,4,1,4,0,4,0,4,0,4,0,4,-1,4,-2,4,-2,5,-3,5,-3,6,-4,7,-4,7,-3,8,-3,8,-2,7,-1,7,0,0,0,0,0,0,0,0,0,0]"""
65,"CSI_DATA,11733,8c:90:2d:97:93:77,-55,11,1,0,1,0,1,0,1,0,0,-98,0,3,1,127668896,0,83,1,128,0,""[0,0,0,0,0,0,0,0,0,0,0,0,4,-3,5,-4,5,-5,5,-5,5,-5,5,-5,4,-5,3,-5,3,-4,2,-3,2,-2,1,0,1,0,0,1,0,3,0,4,0,5,0,5,1,5,2,5,1,5,1,5,1,5,1,4,1,4,0,3,0,0,0,2,0,2,0,2,0,2,0,3,0,3,0,4,0,4,0,4,0,4,0,4,0,3,0,4,-1,3,-2,3,-3,3,-4,3,-5,3,-5,4,-6,5,-6,5,-7,5,-7,5,-6,5,-5,5,-5,5,0,0,0,0,0,0,0,0,0,0]"""
66,"CSI_DATA,11734,8c:90:2d:97:93:77,-55,11,1,0,1,0,1,0,1,0,0,-98,0,3,1,127678635,0,83,1,128,0,""[0,0,0,0,0,0,0,0,0,0,0,0,0,5,0,6,0,7,0,8,0,8,1,7,1,7,1,6,1,5,0,3,0,3,0,2,-1,0,-3,0,-4,0,-5,0,-6,0,-7,0,-7,0,-7,0,-7,0,-7,0,-6,0,-6,0,-5,0,-4,0,0,0,-4,0,-3,0,-3,0,-4,0,-3,0,-4,0,-5,0,-5,0,-6,0,-6,0,-6,0,-5,0,-5,-1,-4,-1,-4,-2,-4,-3,-3,-5,-4,-6,-4,-7,-5,-8,-5,-8,-5,-8,-6,-8,-7,-8,-7,-8,-7,-7,0,0,0,0,0,0,0,0,0,0]"""
67,"CSI_DATA,11735,8c:90:2d:97:93:77,-52,11,0,0,0,0,0,0,0,0,0,-98,0,3,1,127689062,0,83,0,128,0,""[0,0,0,0,0,0,0,0,0,0,0,0,8,1,10,0,11,0,13,0,11,-1,11,-1,11,-1,8,-1,7,-1,5,-1,4,0,2,0,1,2,-1,2,-2,4,-4,7,-4,8,-4,8,-2,8,-2,8,-2,8,-2,8,-2,7,-1,7,-2,7,-1,5,0,0,-1,4,-1,4,-2,5,-2,5,-4,5,-4,7,-4,8,-4,8,-4,8,-2,8,-4,10,-4,8,-4,7,-4,7,-5,4,-8,4,-10,2,-11,2,-13,1,-14,2,-17,1,-19,2,-19,4,-20,5,-19,4,-17,5,0,0,0,0,0,0,0,0,0,0]"""
68,"CSI_DATA,11736,8c:90:2d:97:93:77,-52,11,0,0,0,0,0,0,0,0,0,-98,0,3,1,127698707,0,83,0,128,0,""[0,0,0,0,0,0,0,0,0,0,0,0,-2,-9,-4,-11,-5,-11,-5,-12,-7,-11,-7,-11,-7,-9,-7,-8,-5,-8,-4,-5,-2,-5,-1,-4,1,-2,2,-1,5,-1,7,-1,9,-2,9,-2,9,-2,9,-2,9,-2,9,-4,7,-4,7,-4,7,-2,5,-4,0,0,5,-2,4,-1,5,-1,5,0,7,0,8,0,8,0,9,-1,11,-1,9,-2,11,-2,9,-1,9,-1,8,0,7,1,7,4,7,5,7,7,7,9,8,11,8,14,9,14,11,14,12,12,11,14,12,12,0,0,0,0,0,0,0,0,0,0]"""
69,"CSI_DATA,11737,8c:90:2d:97:93:77,-52,11,0,0,0,0,0,0,0,0,0,-98,0,3,1,127708905,0,83,0,128,0,""[0,0,0,0,0,0,0,0,0,0,0,0,-2,8,-2,10,-1,11,-2,13,-1,11,0,11,0,11,1,10,0,7,0,5,-1,4,-2,2,-4,0,-5,-1,-7,-2,-8,-4,-10,-4,-11,-4,-11,-4,-13,-2,-13,-2,-11,-2,-10,-1,-10,-1,-10,-1,-7,-1,0,0,-5,-1,-5,-2,-5,-4,-7,-4,-5,-5,-7,-5,-8,-7,-10,-7,-11,-7,-11,-5,-13,-5,-10,-5,-10,-7,-8,-7,-7,-7,-5,-8,-4,-11,-4,-11,-2,-14,-4,-14,-1,-17,-1,-17,-2,-18,-4,-20,-2,-18,-4,-17,0,0,0,0,0,0,0,0,0,0]"""
70,"CSI_DATA,11738,8c:90:2d:97:93:77,-52,11,0,0,0,0,0,0,0,0,0,-98,0,3,1,127718580,0,83,0,128,0,""[0,0,0,0,0,0,0,0,0,0,0,0,2,8,4,9,5,11,7,12,7,9,7,9,8,8,7,7,5,5,4,4,1,4,0,2,-2,2,-5,1,-7,1,-11,1,-11,2,-12,4,-12,4,-12,4,-12,5,-11,5,-9,5,-8,5,-8,4,-7,4,0,0,-5,1,-5,0,-7,0,-8,-1,-8,-1,-8,-1,-9,-1,-11,0,-12,-1,-12,1,-14,0,-11,0,-11,0,-11,0,-9,-1,-9,-2,-9,-5,-9,-7,-9,-8,-11,-9,-11,-12,-12,-12,-14,-12,-14,-12,-12,-12,-12,-11,0,0,0,0,0,0,0,0,0,0]"""
71,"CSI_DATA,11739,8c:90:2d:97:93:77,-51,11,0,0,0,0,0,0,0,0,0,-98,0,3,1,127728602,0,83,0,128,0,""[0,0,0,0,0,0,0,0,0,0,0,0,0,10,0,11,1,13,0,14,1,13,2,11,2,11,2,10,1,8,1,5,0,4,-2,2,-4,1,-5,0,-8,-1,-11,-2,-13,-1,-13,-1,-14,-1,-14,-1,-14,-1,-14,0,-11,0,-11,1,-10,0,-8,1,0,0,-5,-1,-5,-2,-5,-2,-7,-4,-5,-4,-7,-5,-8,-7,-8,-5,-11,-5,-11,-5,-13,-5,-10,-5,-10,-5,-8,-5,-8,-5,-7,-7,-5,-10,-5,-10,-5,-11,-7,-13,-5,-14,-5,-14,-7,-16,-8,-16,-7,-14,-7,-14,0,0,0,0,0,0,0,0,0,0]"""
72,"CSI_DATA,11740,8c:90:2d:97:93:77,-52,11,0,0,0,0,0,0,0,0,0,-98,0,3,1,127738916,0,83,0,128,0,""[0,0,0,0,0,0,0,0,0,0,0,0,5,-8,5,-10,7,-14,7,-14,7,-14,4,-13,4,-13,2,-11,2,-10,2,-8,2,-5,2,-2,4,0,4,2,4,5,5,8,7,7,8,8,10,10,10,10,10,8,10,8,8,7,8,5,7,5,5,4,0,0,2,4,1,4,1,4,1,5,0,5,0,7,0,8,1,8,2,8,4,8,4,8,2,8,2,8,1,8,0,7,-1,8,-2,10,-2,10,-4,11,-4,13,-5,13,-5,14,-7,14,-5,15,-5,14,-4,13,0,0,0,0,0,0,0,0,0,0]"""
73,"CSI_DATA,11741,8c:90:2d:97:93:77,-52,11,0,0,0,0,0,0,0,0,0,-98,0,3,1,127748632,0,83,0,128,0,""[0,0,0,0,0,0,0,0,0,0,0,0,-10,-4,-12,-4,-15,-4,-15,-6,-15,-4,-13,-3,-13,-3,-12,-1,-10,-3,-7,-1,-6,-3,-3,-3,0,-4,3,-4,4,-6,7,-7,7,-9,7,-10,7,-10,9,-10,7,-10,7,-10,6,-9,4,-9,4,-7,4,-7,0,0,4,-4,4,-3,4,-3,4,-1,4,-1,6,-1,6,-1,7,-3,7,-3,7,-4,7,-4,6,-3,6,-3,6,-1,6,0,7,1,7,3,7,4,9,6,10,6,12,9,12,7,13,7,15,7,13,7,13,6,0,0,0,0,0,0,0,0,0,0]"""
74,"CSI_DATA,11742,8c:90:2d:97:93:77,-52,11,0,0,0,0,0,0,0,0,0,-98,0,3,1,127761345,0,83,0,128,0,""[0,0,0,0,0,0,0,0,0,0,0,0,7,4,9,4,10,6,12,7,12,6,10,4,10,3,9,3,7,3,4,1,3,3,0,1,-3,1,-4,1,-7,1,-9,3,-10,3,-10,4,-12,4,-12,4,-12,4,-10,4,-7,4,-9,3,-7,3,-6,3,0,0,-6,0,-6,0,-6,-1,-6,-1,-6,-3,-7,-3,-9,-3,-9,-1,-10,0,-10,0,-10,0,-9,0,-9,-1,-7,-3,-6,-3,-6,-4,-4,-9,-6,-9,-4,-12,-6,-13,-6,-16,-6,-18,-7,-18,-9,-20,-9,-18,-9,-18,0,0,0,0,0,0,0,0,0,0]"""
75,"CSI_DATA,11743,8c:90:2d:97:93:77,-52,11,0,0,0,0,0,0,0,0,0,-98,0,3,1,127768686,0,83,0,128,0,""[0,0,0,0,0,0,0,0,0,0,0,0,-9,6,-9,6,-10,9,-12,9,-9,9,-9,9,-9,7,-7,7,-6,6,-4,4,-4,1,-3,0,-3,-3,-3,-6,-1,-7,-1,-10,-3,-12,-3,-12,-3,-12,-4,-12,-4,-12,-4,-10,-3,-9,-4,-9,-3,-7,-3,-6,0,0,0,-6,0,-6,1,-6,1,-6,1,-7,1,-9,1,-10,1,-10,1,-10,0,-10,0,-10,0,-9,0,-9,1,-9,3,-6,4,-6,7,-3,9,-4,12,-1,13,-3,16,-1,20,-3,20,-4,21,-6,20,-4,18,-6,0,0,0,0,0,0,0,0,0,0]"""
76,"CSI_DATA,11744,8c:90:2d:97:93:77,-52,11,0,0,0,0,0,0,0,0,0,-98,0,3,1,127778734,0,83,0,128,0,""[0,0,0,0,0,0,0,0,0,0,0,0,0,-10,0,-12,-1,-13,-1,-15,-1,-13,-1,-12,-1,-12,-3,-10,-1,-9,-1,-7,0,-4,1,-3,3,-1,4,1,6,3,7,4,9,4,9,4,10,4,10,4,10,4,10,3,7,3,7,1,6,3,6,1,0,0,3,3,1,3,1,4,1,6,1,6,3,9,3,9,4,9,4,9,6,9,7,9,6,7,4,7,4,7,1,6,-1,7,-4,7,-4,7,-9,9,-9,10,-12,12,-15,13,-15,15,-15,18,-13,16,-12,16,0,0,0,0,0,0,0,0,0,0]"""
77,"CSI_DATA,11745,8c:90:2d:97:93:77,-52,11,0,0,0,0,0,0,0,0,0,-98,0,3,1,127789048,0,83,0,128,0,""[0,0,0,0,0,0,0,0,0,0,0,0,-10,-2,-13,-1,-13,-1,-14,-1,-14,0,-13,0,-13,0,-10,1,-8,0,-7,0,-5,-1,-2,-2,-1,-4,1,-7,2,-7,4,-11,4,-11,4,-13,4,-13,2,-13,2,-13,2,-11,1,-10,1,-10,1,-8,1,-7,0,0,2,-4,2,-4,4,-2,5,-2,7,-4,8,-5,8,-5,8,-7,10,-8,8,-10,8,-10,7,-8,7,-8,5,-7,5,-4,7,-2,8,0,8,1,10,4,13,4,14,7,15,7,17,7,20,5,18,7,17,5,0,0,0,0,0,0,0,0,0,0]"""
78,"CSI_DATA,11746,8c:90:2d:97:93:77,-52,11,0,0,0,0,0,0,0,0,0,-98,0,3,1,127798611,0,83,0,128,0,""[0,0,0,0,0,0,0,0,0,0,0,0,-2,8,-2,10,-2,13,-2,13,-1,13,-1,11,-1,11,0,8,-1,7,-1,5,-2,4,-4,1,-5,0,-7,-2,-7,-4,-10,-5,-11,-7,-11,-7,-13,-7,-14,-7,-13,-7,-13,-5,-10,-4,-10,-4,-8,-5,-7,-4,0,0,-2,-4,-2,-5,-1,-7,-2,-8,-1,-10,-2,-11,-2,-11,-5,-11,-5,-11,-7,-11,-7,-11,-7,-10,-5,-10,-4,-8,-2,-7,-1,-8,2,-8,2,-10,5,-10,5,-11,8,-13,10,-14,10,-15,10,-17,10,-15,7,-15,0,0,0,0,0,0,0,0,0,0]"""
79,"CSI_DATA,11747,8c:90:2d:97:93:77,-52,11,0,0,0,0,0,0,0,0,0,-98,0,3,1,127816411,0,83,0,128,0,""[0,0,0,0,0,0,0,0,0,0,0,0,-6,-10,-8,-10,-10,-11,-10,-11,-11,-10,-11,-10,-11,-8,-10,-6,-8,-6,-6,-5,-3,-5,-1,-5,1,-3,3,-3,6,-3,10,-5,11,-5,11,-5,11,-5,11,-5,11,-5,11,-5,8,-5,8,-5,8,-3,6,-3,0,0,5,-1,5,0,5,1,6,1,5,1,6,1,6,1,8,1,10,1,10,0,10,0,6,0,6,1,6,1,5,3,5,5,5,6,5,8,5,10,6,11,6,11,8,11,8,13,10,13,8,11,8,10,0,0,0,0,0,0,0,0,0,0]"""
80,"CSI_DATA,11748,8c:90:2d:97:93:77,-52,11,0,0,0,0,0,0,0,0,0,-98,0,3,1,127822034,0,83,0,128,0,""[0,0,0,0,0,0,0,0,0,0,0,0,-8,-8,-9,-8,-11,-8,-13,-9,-13,-8,-13,-6,-13,-6,-11,-4,-9,-4,-8,-3,-4,-4,-1,-4,0,-4,3,-4,6,-4,9,-6,9,-6,11,-6,11,-6,11,-8,11,-8,11,-8,8,-6,8,-6,8,-4,6,-4,0,0,4,-3,4,-1,4,0,6,0,4,0,6,0,8,0,8,0,8,-1,8,-1,9,-1,6,-1,6,0,6,0,6,1,6,3,6,6,6,6,8,8,9,9,9,11,9,9,11,9,13,9,11,9,11,8,0,0,0,0,0,0,0,0,0,0]"""
81,"CSI_DATA,11749,8c:90:2d:97:93:77,-52,11,0,0,0,0,0,0,0,0,0,-98,0,3,1,127828704,0,83,0,128,0,""[0,0,0,0,0,0,0,0,0,0,0,0,9,-4,10,-4,10,-7,12,-7,10,-7,10,-7,10,-7,7,-7,6,-6,4,-4,4,-3,3,0,1,1,0,4,-1,6,-3,10,-3,10,-3,12,-1,12,-1,12,0,12,0,12,-1,10,0,10,-1,9,-1,7,0,0,-3,6,-3,4,-4,4,-4,3,-4,4,-4,4,-6,6,-4,6,-6,6,-4,6,-4,6,-4,4,-4,4,-6,4,-6,3,-9,1,-10,0,-12,1,-13,0,-15,1,-16,0,-18,1,-18,3,-20,4,-16,3,-15,3,0,0,0,0,0,0,0,0,0,0]"""
82,"CSI_DATA,11750,8c:90:2d:97:93:77,-52,11,0,0,0,0,0,0,0,0,0,-98,0,3,1,127838919,0,83,0,128,0,""[0,0,0,0,0,0,0,0,0,0,0,0,8,2,10,2,11,2,13,4,13,2,11,1,11,1,10,0,7,0,5,0,2,1,0,1,-1,1,-4,1,-7,2,-10,4,-10,5,-10,5,-11,5,-11,5,-11,5,-11,5,-8,5,-8,5,-8,4,-7,4,0,0,-5,1,-5,0,-5,0,-5,0,-5,-1,-5,-1,-7,-1,-7,0,-8,0,-8,0,-8,0,-7,-1,-7,-1,-7,-2,-5,-4,-7,-5,-5,-8,-7,-8,-7,-11,-8,-11,-8,-14,-10,-14,-11,-14,-13,-13,-11,-13,-11,-11,0,0,0,0,0,0,0,0,0,0]"""
83,"CSI_DATA,11751,8c:90:2d:97:93:77,-53,11,0,0,0,0,0,0,0,0,0,-98,0,3,1,127848708,0,83,0,128,0,""[0,0,0,0,0,0,0,0,0,0,0,0,7,5,8,5,10,7,10,7,10,5,10,4,10,4,8,2,5,2,4,1,2,1,0,1,-2,1,-5,1,-7,1,-10,2,-10,2,-11,4,-11,2,-13,4,-13,4,-11,4,-10,4,-10,2,-8,2,-7,2,0,0,-5,0,-5,0,-5,-1,-5,-1,-4,-1,-5,-1,-5,-1,-7,-1,-8,0,-8,0,-8,0,-7,-1,-7,-1,-7,-2,-5,-4,-5,-5,-5,-8,-7,-8,-7,-11,-8,-11,-8,-14,-8,-13,-10,-14,-11,-13,-10,-13,-10,-11,0,0,0,0,0,0,0,0,0,0]"""
84,"CSI_DATA,11752,8c:90:2d:97:93:77,-53,11,0,0,0,0,0,0,0,0,0,-98,0,3,1,127866143,0,83,0,128,0,""[0,0,0,0,0,0,0,0,0,0,0,0,5,-8,5,-10,5,-11,7,-13,5,-11,4,-10,4,-10,2,-8,2,-7,2,-5,2,-4,2,-1,2,1,2,2,2,5,4,8,4,8,4,8,5,10,5,10,5,10,5,8,4,7,4,7,2,7,1,5,0,0,1,4,0,4,0,4,0,4,-1,4,0,5,0,5,0,5,1,5,2,5,1,5,1,5,0,5,-1,5,-2,5,-4,5,-7,7,-5,7,-8,8,-8,10,-10,11,-10,11,-10,11,-8,13,-8,11,-7,11,0,0,0,0,0,0,0,0,0,0]"""
85,"CSI_DATA,11753,8c:90:2d:97:93:77,-53,11,0,0,0,0,0,0,0,0,0,-98,0,3,1,127871651,0,83,0,128,0,""[0,0,0,0,0,0,0,0,0,0,0,0,0,-10,0,-11,0,-13,1,-14,-1,-13,-1,-13,-1,-11,-2,-10,-1,-8,-1,-7,0,-5,1,-4,4,-1,4,1,5,1,8,2,8,2,10,2,10,4,10,4,10,4,10,4,7,2,8,2,7,4,5,2,0,0,4,2,2,2,2,2,2,2,2,4,2,2,2,4,4,2,5,2,5,2,5,2,4,2,4,2,2,4,1,4,1,7,0,8,0,10,0,11,1,13,1,14,1,14,1,14,2,16,2,14,4,13,0,0,0,0,0,0,0,0,0,0]"""
86,"CSI_DATA,11754,8c:90:2d:97:93:77,-52,11,0,0,0,0,0,0,0,0,0,-98,0,3,1,127888900,0,83,0,128,0,""[0,0,0,0,0,0,0,0,0,0,0,0,7,4,9,4,10,4,10,4,10,3,10,3,10,3,9,1,7,3,4,1,3,3,1,3,-1,4,-3,4,-6,4,-9,7,-9,7,-9,7,-9,9,-9,9,-9,7,-9,7,-9,6,-7,6,-9,4,-7,4,0,0,-7,3,-7,1,-7,1,-7,1,-7,1,-7,1,-7,1,-7,3,-7,1,-7,3,-7,1,-6,1,-6,0,-7,0,-7,-1,-9,-3,-10,-4,-10,-3,-12,-4,-13,-3,-13,-4,-15,-1,-15,-1,-16,0,-13,0,-12,0,0,0,0,0,0,0,0,0,0,0]"""
87,"CSI_DATA,11755,8c:90:2d:97:93:77,-53,11,0,0,0,0,0,0,0,0,0,-98,0,3,1,127898723,0,83,0,128,0,""[0,0,0,0,0,0,0,0,0,0,0,0,3,8,3,9,4,9,4,11,4,9,6,9,4,8,4,6,3,6,1,4,0,4,-1,3,-3,1,-6,1,-8,0,-11,0,-13,0,-11,0,-13,0,-13,0,-13,-1,-13,0,-11,0,-11,-1,-11,-3,-9,-1,0,0,-8,-3,-8,-3,-6,-3,-6,-3,-6,-4,-6,-4,-6,-4,-6,-3,-6,-3,-6,-3,-6,-4,-4,-4,-4,-4,-4,-6,-3,-6,-4,-8,-3,-9,-6,-9,-6,-11,-8,-11,-8,-11,-8,-9,-9,-9,-11,-8,-9,-8,-9,-6,0,0,0,0,0,0,0,0,0,0]"""
88,"CSI_DATA,11756,8c:90:2d:97:93:77,-53,11,0,0,0,0,0,0,0,0,0,-98,0,3,1,127908539,0,83,0,128,0,""[0,0,0,0,0,0,0,0,0,0,0,0,-9,-1,-11,-1,-12,-1,-14,-1,-12,0,-12,-1,-12,0,-11,0,-9,-1,-7,0,-6,-3,-4,-4,-1,-4,0,-6,1,-7,4,-9,4,-11,6,-11,6,-11,6,-11,6,-11,6,-11,6,-9,6,-9,6,-7,6,-7,0,0,4,-6,4,-4,4,-4,4,-3,4,-3,4,-3,4,-3,3,-3,4,-1,3,-1,4,0,3,0,4,0,4,0,6,1,7,1,7,1,9,1,11,1,11,0,11,-1,12,-1,11,-3,11,-4,7,-3,6,-4,0,0,0,0,0,0,0,0,0,0]"""
89,"CSI_DATA,11757,8c:90:2d:97:93:77,-53,11,0,0,0,0,0,0,0,0,0,-98,0,3,1,127918754,0,83,0,128,0,""[0,0,0,0,0,0,0,0,0,0,0,0,-3,-9,-3,-11,-4,-13,-3,-14,-4,-13,-4,-13,-4,-11,-4,-9,-3,-9,-3,-8,-1,-6,0,-4,3,-3,4,-1,6,0,8,1,9,1,9,1,11,3,11,4,11,4,11,4,9,3,9,3,9,4,8,3,0,0,6,3,4,3,3,3,3,1,1,3,1,1,1,3,0,1,1,3,1,3,0,3,0,3,-1,4,-1,4,-1,6,0,8,-1,9,1,9,1,11,3,9,3,11,4,9,4,9,6,8,4,8,4,4,0,0,0,0,0,0,0,0,0,0]"""
90,"CSI_DATA,11758,8c:90:2d:97:93:77,-53,11,0,0,0,0,0,0,0,0,0,-98,0,3,1,127928636,0,83,0,128,0,""[0,0,0,0,0,0,0,0,0,0,0,0,0,8,1,10,2,12,1,13,2,12,1,11,1,11,1,8,1,7,0,6,-1,5,-2,2,-3,0,-5,-1,-6,-3,-8,-6,-8,-7,-8,-7,-11,-8,-11,-8,-11,-8,-11,-10,-8,-8,-10,-8,-8,-8,-7,-7,0,0,-5,-6,-5,-5,-3,-5,-3,-3,-2,-3,-1,-3,-1,-3,-1,-3,0,-2,0,-2,1,-3,1,-3,2,-5,2,-6,3,-6,3,-7,3,-8,3,-10,3,-11,1,-11,1,-12,1,-12,0,-12,-1,-12,-2,-10,-2,-8,0,0,0,0,0,0,0,0,0,0]"""
91,"CSI_DATA,11759,8c:90:2d:97:93:77,-52,11,0,0,0,0,0,0,0,0,0,-98,0,3,1,128008560,0,83,0,128,0,""[0,0,0,0,0,0,0,0,0,0,0,0,-1,-9,-1,-10,-2,-12,-2,-14,-3,-12,-3,-11,-5,-12,-5,-10,-3,-10,-3,-7,-1,-7,0,-6,2,-5,3,-3,6,-2,10,-1,11,-1,12,-1,12,-2,14,-3,15,-3,15,-3,14,-3,14,-5,14,-3,11,-5,0,0,9,-2,7,-2,6,-1,5,0,5,1,5,2,5,3,6,3,6,6,7,5,9,6,7,5,9,5,9,3,9,3,10,3,10,3,9,1,9,1,9,1,7,1,6,1,6,1,6,1,3,2,3,3,0,0,0,0,0,0,0,0,0,0]"""
92,"CSI_DATA,11760,8c:90:2d:97:93:77,-48,11,0,0,0,0,0,0,0,0,0,-98,0,3,1,128038765,0,83,0,128,0,""[0,0,0,0,0,0,0,0,0,0,0,0,-1,8,-1,8,-3,12,-6,11,-7,12,-7,10,-8,10,-8,7,-8,6,-8,3,-8,1,-6,-1,-3,-3,-1,-5,1,-5,6,-8,7,-7,11,-7,11,-6,15,-5,15,-2,17,-1,15,1,15,2,13,5,11,3,0,0,7,5,6,3,2,3,2,3,0,1,-2,3,-3,1,-3,2,-7,0,-5,2,-5,2,2,-17,-36,11,-3,8,-13,-8,-15,-6,-10,-7,-8,-6,-11,-7,-8,-8,-7,-8,-6,-10,-2,-10,-1,-8,2,-8,3,-7,0,0,0,0,0,0,0,0,0,0]"""
93,"CSI_DATA,11761,8c:90:2d:97:93:77,-52,11,0,0,0,0,0,0,0,0,0,-98,0,3,1,128058601,0,83,0,128,0,""[0,0,0,0,0,0,0,0,0,0,0,0,-10,-1,-11,-1,-12,-1,-15,-2,-15,-1,-15,-1,-15,-1,-12,0,-11,0,-10,0,-8,-1,-6,-2,-3,-2,-1,-3,1,-6,5,-7,6,-10,7,-11,8,-12,8,-13,8,-13,8,-15,7,-13,6,-15,7,-13,5,-12,0,0,2,-8,1,-7,1,-5,1,-3,1,-1,2,0,3,1,3,1,6,1,7,1,8,0,8,0,10,0,10,-1,10,0,11,-1,11,0,11,-1,10,-1,10,-1,8,0,8,0,7,1,7,1,6,3,5,3,0,0,0,0,0,0,0,0,0,0]"""
94,"CSI_DATA,11762,8c:90:2d:97:93:77,-52,11,0,0,0,0,0,0,0,0,0,-98,0,3,1,132089089,0,83,0,128,0,""[0,0,0,0,0,0,0,0,0,0,0,0,-3,-3,-3,-3,-5,-5,-3,-6,-5,-6,-5,-6,-5,-8,-5,-6,-5,-8,-5,-8,-3,-8,-3,-8,-3,-6,-1,-6,-1,-5,-1,-5,-1,-3,-1,-3,0,-3,0,-1,0,-1,1,-1,1,0,3,0,5,0,5,0,0,0,8,-1,8,-1,10,-1,12,-3,12,-1,12,-1,13,-1,12,-3,13,-3,12,-5,10,-3,8,0,6,0,5,3,3,5,3,8,1,12,1,15,1,17,3,20,3,22,1,24,5,24,6,25,5,24,6,22,0,0,0,0,0,0,0,0,0,0]"""
95,"CSI_DATA,11763,8c:90:2d:97:93:77,-51,11,0,0,0,0,0,0,0,0,0,-98,0,3,1,132098689,0,83,0,128,0,""[0,0,0,0,0,0,0,0,0,0,0,0,-3,0,-3,-1,-5,-1,-5,-3,-7,-3,-7,-3,-7,-3,-7,-3,-7,-5,-7,-5,-7,-5,-7,-5,-7,-3,-5,-3,-5,-3,-5,-3,-5,-3,-3,-1,-1,-1,-1,-1,-1,-1,0,-1,0,-1,1,-3,3,-3,3,-5,0,0,5,-7,7,-8,8,-8,8,-10,8,-10,8,-12,8,-12,7,-12,8,-12,7,-12,7,-10,5,-7,7,-5,7,-1,7,1,8,5,10,8,12,10,12,14,17,14,17,16,19,16,21,16,23,16,21,16,19,14,0,0,0,0,0,0,0,0,0,0]"""
96,"CSI_DATA,11764,8c:90:2d:97:93:77,-50,11,0,0,0,0,0,0,0,0,0,-98,0,3,1,132108534,0,83,0,128,0,""[0,0,0,0,0,0,0,0,0,0,0,0,0,0,0,1,0,3,-1,3,-1,5,-3,5,-3,5,-1,5,-3,7,-3,7,-3,7,-3,7,-3,7,-3,5,-3,5,-1,5,-1,3,0,3,-1,3,-1,1,-1,0,-1,0,-1,-1,-3,-1,-5,-3,-5,-3,0,0,-9,-5,-11,-5,-13,-7,-15,-5,-15,-7,-17,-7,-17,-7,-17,-5,-17,-5,-17,-3,-15,-5,-11,-5,-9,-7,-5,-9,-1,-9,0,-13,3,-17,1,-19,3,-23,3,-27,5,-29,7,-31,5,-32,3,-32,3,-31,1,-29,0,0,0,0,0,0,0,0,0,0]"""
97,"CSI_DATA,11765,8c:90:2d:97:93:77,-50,11,0,0,0,0,0,0,0,0,0,-98,0,3,1,132118548,0,83,0,128,0,""[0,0,0,0,0,0,0,0,0,0,0,0,-3,-1,-3,-1,-3,-3,-1,-5,-1,-5,-1,-5,-1,-7,-3,-7,-1,-9,-1,-9,-1,-9,-1,-11,-1,-9,-1,-9,-1,-7,-3,-9,-3,-7,-3,-5,-1,-5,-1,-3,-1,-3,0,-3,0,-1,1,-1,3,-1,5,-1,0,0,9,-1,11,-3,13,-3,15,-5,15,-5,17,-7,17,-7,15,-7,17,-7,15,-9,15,-7,9,-3,9,-1,9,1,5,3,7,9,5,13,9,15,9,19,13,21,13,23,15,23,17,25,19,23,15,23,17,21,0,0,0,0,0,0,0,0,0,0]"""
98,"CSI_DATA,11766,8c:90:2d:97:93:77,-50,11,0,0,0,0,0,0,0,0,0,-98,0,3,1,132129117,0,83,0,128,0,""[0,0,0,0,0,0,0,0,0,0,0,0,-1,-3,-1,-3,-1,-4,0,-4,1,-6,1,-6,3,-6,3,-6,4,-6,4,-6,6,-6,4,-7,6,-7,4,-6,4,-6,4,-6,3,-6,1,-4,1,-4,1,-4,1,-3,1,-1,0,0,1,1,1,3,1,4,0,0,4,7,6,11,6,12,7,12,7,14,9,14,11,15,11,12,11,12,11,11,7,11,6,9,3,7,0,7,-4,6,-9,7,-12,7,-14,9,-17,11,-19,14,-22,14,-23,15,-22,17,-22,20,-20,17,-19,17,0,0,0,0,0,0,0,0,0,0]"""
99,"CSI_DATA,11767,8c:90:2d:97:93:77,-51,11,0,0,0,0,0,0,0,0,0,-98,0,3,1,132158938,0,83,0,128,0,""[0,0,0,0,0,0,0,0,0,0,0,0,-1,1,-3,1,-5,0,-5,0,-6,0,-6,-1,-6,-1,-6,-1,-8,-3,-8,-3,-8,-3,-8,-5,-8,-3,-6,-3,-6,-3,-6,-3,-6,-1,-5,-1,-3,0,-3,0,-3,0,-1,-1,0,-1,0,-1,1,-3,3,-5,0,0,5,-8,5,-10,5,-12,5,-13,5,-13,5,-15,5,-17,3,-17,5,-17,1,-15,3,-15,3,-10,3,-6,5,-5,6,-1,8,0,12,5,13,5,15,6,19,6,20,8,22,6,24,6,25,5,22,6,22,5,0,0,0,0,0,0,0,0,0,0]"""
100,"CSI_DATA,11768,8c:90:2d:97:93:77,-51,11,0,0,0,0,0,0,0,0,0,-98,0,3,1,132168715,0,83,0,128,0,""[0,0,0,0,0,0,0,0,0,0,0,0,-1,-1,-1,-3,-1,-3,0,-4,0,-4,0,-6,0,-6,0,-6,1,-6,1,-6,3,-7,3,-7,1,-7,1,-7,0,-6,0,-6,0,-4,-1,-4,-1,-4,-1,-3,-1,-3,-1,-1,-1,0,-1,0,-1,1,0,3,0,0,3,6,4,6,7,7,9,7,9,9,12,9,12,9,12,7,12,7,11,6,9,7,6,6,4,4,1,4,-3,4,-6,6,-11,6,-12,7,-15,9,-17,12,-20,12,-20,14,-20,15,-22,17,-20,14,-19,14,0,0,0,0,0,0,0,0,0,0]"""
101,"CSI_DATA,11769,8c:90:2d:97:93:77,-51,11,0,0,0,0,0,0,0,0,0,-98,0,3,1,132178615,0,83,0,128,0,""[0,0,0,0,0,0,0,0,0,0,0,0,-1,-1,0,-1,1,-1,1,0,1,0,3,0,3,0,3,0,5,0,5,1,6,1,6,1,6,0,5,0,5,0,6,-1,5,-3,5,-3,3,-3,1,-3,1,-3,1,-3,0,-3,-1,-1,-3,-1,-5,0,0,0,-6,5,-8,6,-8,8,-8,11,-10,10,-10,13,-10,13,-8,13,-10,15,-8,13,-8,11,-6,6,-6,5,-8,1,-6,-3,-8,-6,-8,-11,-11,-13,-13,-16,-15,-18,-16,-21,-16,-23,-16,-23,-18,-23,-16,-21,-16,-20,0,0,0,0,0,0,0,0,0,0]"""
102,"CSI_DATA,11770,8c:90:2d:97:93:77,-50,11,0,0,0,0,0,0,0,0,0,-98,0,3,1,132189175,0,83,0,128,0,""[0,0,0,0,0,0,0,0,0,0,0,0,0,0,0,0,-1,0,-1,-1,-3,-1,-3,-1,-5,-1,-5,-1,-5,-3,-7,-3,-7,-3,-8,-3,-8,-1,-8,-1,-7,-1,-8,0,-7,1,-7,1,-7,1,-5,1,-5,1,-3,1,-1,1,0,0,1,0,1,-1,0,0,5,-7,7,-8,8,-10,7,-14,8,-14,8,-16,8,-16,7,-17,7,-17,5,-16,7,-14,5,-10,5,-7,7,-3,5,0,7,5,8,10,10,12,12,16,16,17,16,21,17,21,17,21,19,21,17,21,17,17,0,0,0,0,0,0,0,0,0,0]"""
103,"CSI_DATA,11771,8c:90:2d:97:93:77,-51,11,0,0,0,0,0,0,0,0,0,-98,0,3,1,132208608,0,83,0,128,0,""[0,0,0,0,0,0,0,0,0,0,0,0,1,0,0,0,0,0,-1,0,-1,1,-1,1,-3,3,-3,3,-4,3,-4,4,-6,4,-6,4,-6,4,-6,4,-4,4,-6,6,-4,4,-3,4,-1,4,-1,4,-1,3,0,1,0,0,0,-1,0,-3,0,-6,0,0,-1,-9,-3,-12,-3,-14,-4,-15,-6,-15,-7,-17,-7,-17,-7,-15,-7,-17,-7,-14,-4,-14,-3,-9,0,-7,3,-4,6,-3,9,-3,14,0,15,-1,20,0,23,-1,25,0,25,-1,26,-1,26,-3,25,0,22,-1,0,0,0,0,0,0,0,0,0,0]"""
104,"CSI_DATA,11772,8c:90:2d:97:93:77,-52,11,0,0,0,0,0,0,0,0,0,-98,0,3,1,132230571,0,83,0,128,0,""[0,0,0,0,0,0,0,0,0,0,0,0,-2,0,-2,0,-2,-1,-2,-2,-1,-4,-2,-5,-2,-5,-1,-5,0,-8,-1,-8,0,-9,0,-9,0,-8,0,-8,0,-7,0,-7,0,-5,-1,-4,-2,-2,-2,-2,-2,-1,-2,0,-1,1,-1,2,0,4,1,5,0,0,2,8,5,8,7,9,8,9,8,9,9,9,9,9,9,8,8,9,8,7,5,7,2,4,0,4,-2,2,-7,2,-9,1,-14,1,-16,1,-18,1,-21,2,-22,1,-24,2,-24,4,-24,5,-21,2,-19,2,0,0,0,0,0,0,0,0,0,0]"""
105,"CSI_DATA,11773,8c:90:2d:97:93:77,-53,11,0,0,0,0,0,0,0,0,0,-98,0,3,1,132238851,0,83,0,128,0,""[0,0,0,0,0,0,0,0,0,0,0,0,0,-2,1,-2,1,-1,2,0,2,1,2,2,4,2,2,4,4,4,4,5,2,7,2,7,2,7,2,5,2,4,2,4,1,2,1,1,1,0,1,-1,1,-1,0,-2,-1,-2,-1,-4,-2,-5,-4,-5,0,0,-8,-5,-9,-5,-11,-5,-12,-5,-12,-5,-14,-5,-14,-4,-14,-2,-12,-4,-11,-2,-9,-4,-5,-2,-2,-4,0,-4,4,-4,7,-5,9,-7,11,-8,14,-8,15,-11,16,-11,18,-12,16,-12,16,-14,16,-11,15,-9,0,0,0,0,0,0,0,0,0,0]"""
106,"CSI_DATA,11774,8c:90:2d:97:93:77,-53,11,0,0,0,0,0,0,0,0,0,-98,0,3,1,132248551,0,83,0,128,0,""[0,0,0,0,0,0,0,0,0,0,0,0,0,1,0,1,-1,2,-2,1,-4,2,-5,1,-5,1,-5,1,-7,1,-8,0,-8,0,-8,0,-8,0,-8,0,-5,0,-5,0,-4,0,-2,1,-2,1,-1,1,0,1,1,1,2,1,2,0,4,0,5,-1,0,0,5,-4,7,-7,7,-8,5,-10,7,-10,7,-11,8,-11,5,-11,5,-11,4,-10,4,-8,4,-4,2,-2,2,1,1,4,1,8,1,11,2,13,2,15,4,17,4,18,4,21,4,21,4,21,2,18,2,17,0,0,0,0,0,0,0,0,0,0]"""
107,"CSI_DATA,11775,8c:90:2d:97:93:77,-53,11,0,0,0,0,0,0,0,0,0,-98,0,3,1,132258738,0,83,0,128,0,""[0,0,0,0,0,0,0,0,0,0,0,0,1,-1,1,0,1,1,0,2,0,2,-1,2,-1,4,-1,4,-2,5,-2,5,-5,5,-4,5,-4,4,-4,4,-2,2,-2,2,-1,2,0,1,0,1,1,0,1,0,2,-1,2,-1,2,-2,2,-4,2,-4,0,0,1,-7,0,-10,0,-11,-1,-11,-1,-11,-1,-13,-1,-13,-2,-13,-2,-11,-2,-10,-1,-8,0,-5,1,-2,2,0,2,1,5,4,7,8,8,10,10,11,11,13,13,14,11,15,13,15,13,15,11,14,10,13,0,0,0,0,0,0,0,0,0,0]"""
108,"CSI_DATA,11776,8c:90:2d:97:93:77,-53,11,0,0,0,0,0,0,0,0,0,-98,0,3,1,132268767,0,83,0,128,0,""[0,0,0,0,0,0,0,0,0,0,0,0,0,0,0,0,1,1,0,3,0,3,-1,3,-1,4,-1,4,-3,4,-3,6,-4,6,-4,6,-3,4,-3,4,-3,3,-1,3,0,3,1,1,1,1,1,0,1,0,3,0,3,-1,3,-3,3,-4,1,-4,0,0,0,-7,0,-9,-1,-10,-3,-12,-1,-12,-3,-13,-3,-13,-3,-12,-3,-12,-3,-10,-3,-7,0,-6,1,-3,3,0,3,3,6,4,7,9,9,9,10,12,13,12,13,13,13,16,13,15,13,15,12,15,10,12,0,0,0,0,0,0,0,0,0,0]"""
109,"CSI_DATA,11777,8c:90:2d:97:93:77,-52,11,0,0,0,0,0,0,0,0,0,-98,0,3,1,132289052,0,83,0,128,0,""[0,0,0,0,0,0,0,0,0,0,0,0,0,0,0,0,-1,0,-1,-1,-3,-1,-3,-3,-4,-3,-4,-3,-4,-4,-4,-4,-6,-6,-6,-6,-6,-6,-6,-4,-6,-4,-6,-4,-6,-3,-6,-1,-6,0,-4,0,-4,1,-3,1,-1,1,0,3,1,3,3,1,0,0,7,1,9,1,12,1,12,0,14,0,15,0,15,0,14,-1,12,0,11,-1,9,0,4,0,3,1,-1,3,-4,4,-7,7,-12,7,-14,11,-17,12,-17,14,-20,14,-20,15,-20,15,-20,17,-19,12,-17,11,0,0,0,0,0,0,0,0,0,0]"""
110,"CSI_DATA,11778,8c:90:2d:97:93:77,-53,11,0,0,0,0,0,0,0,0,0,-98,0,3,1,132318603,0,83,0,128,0,""[0,0,0,0,0,0,0,0,0,0,0,0,1,-3,1,-3,2,-2,2,-1,1,-1,2,0,2,1,1,1,1,3,0,3,0,6,-1,6,0,6,-1,6,0,5,0,6,0,5,0,3,1,2,1,1,1,1,1,0,0,-1,0,-2,0,-5,-2,-5,0,0,-5,-7,-6,-9,-7,-10,-9,-10,-9,-10,-10,-10,-10,-10,-10,-9,-9,-9,-9,-7,-6,-7,-3,-5,-1,-3,2,-2,3,-2,7,-2,11,-1,12,-2,15,-1,16,-2,18,-2,18,-3,18,-3,18,-5,15,-2,14,-2,0,0,0,0,0,0,0,0,0,0]"""
111,"CSI_DATA,11779,8c:90:2d:97:93:77,-54,11,0,0,0,0,0,0,0,0,0,-98,0,3,1,132328594,0,83,0,128,0,""[0,0,0,0,0,0,0,0,0,0,0,0,-1,-3,-1,-3,0,-3,1,-3,1,-2,2,-2,2,-1,3,-1,3,0,3,0,5,1,5,2,3,2,3,2,3,2,3,1,2,1,2,0,1,-1,1,-1,1,-2,0,-2,-1,-2,-2,-3,-3,-3,-5,-2,0,0,-7,-2,-9,-1,-10,-1,-11,0,-11,0,-12,0,-12,0,-11,0,-11,0,-9,0,-7,-1,-5,-1,-2,-2,0,-3,2,-3,5,-6,7,-7,9,-9,11,-10,11,-11,12,-11,12,-12,14,-12,12,-14,11,-10,10,-9,0,0,0,0,0,0,0,0,0,0]"""
112,"CSI_DATA,11780,8c:90:2d:97:93:77,-54,11,0,0,0,0,0,0,0,0,0,-98,0,3,1,132338944,0,83,0,128,0,""[0,0,0,0,0,0,0,0,0,0,0,0,-2,0,-2,0,-4,0,-4,-1,-4,-1,-2,-2,-2,-4,-2,-4,-2,-4,-2,-5,-1,-6,-1,-6,-1,-5,-1,-5,-1,-4,-1,-4,-2,-2,-2,-2,-2,-1,-2,-1,-4,0,-4,0,-4,1,-2,2,-2,2,-2,4,0,0,0,5,1,8,1,8,4,8,2,9,4,9,2,10,4,9,4,8,2,6,2,5,0,4,-1,1,-2,-1,-4,-4,-5,-6,-8,-9,-9,-10,-10,-12,-12,-13,-12,-15,-12,-16,-12,-16,-12,-16,-10,-15,-9,-12,0,0,0,0,0,0,0,0,0,0]"""
113,"CSI_DATA,11781,8c:90:2d:97:93:77,-54,11,0,0,0,0,0,0,0,0,0,-98,0,3,1,132348711,0,83,0,128,0,""[0,0,0,0,0,0,0,0,0,0,0,0,0,-1,1,0,1,0,1,1,1,1,0,2,0,4,0,4,0,4,0,4,-1,5,-1,5,-1,5,-1,4,-1,2,0,2,0,1,1,1,2,1,2,1,2,0,4,0,4,-1,4,-1,4,-2,2,-4,0,0,2,-6,1,-8,1,-9,0,-10,1,-12,0,-12,0,-12,0,-12,0,-10,-1,-9,0,-6,0,-5,0,-2,0,0,0,4,0,6,0,10,1,12,0,15,1,16,0,17,0,20,0,19,0,20,-1,16,-1,15,0,0,0,0,0,0,0,0,0,0]"""
114,"CSI_DATA,11782,8c:90:2d:97:93:77,-54,11,0,0,0,0,0,0,0,0,0,-98,0,3,1,132358683,0,83,0,128,0,""[0,0,0,0,0,0,0,0,0,0,0,0,0,0,0,0,-1,0,-1,1,-2,1,-3,1,-3,1,-5,1,-5,1,-5,1,-6,0,-7,0,-6,0,-6,0,-5,0,-5,1,-2,1,-2,2,-2,2,-2,2,-1,3,-1,3,0,3,1,3,2,3,2,2,0,0,6,1,7,1,9,0,10,-1,10,0,11,0,11,0,10,-1,9,-1,7,-1,6,0,3,0,1,0,-2,0,-5,-1,-9,0,-12,-1,-14,0,-16,-1,-19,0,-20,-1,-22,-2,-22,-2,-22,-2,-19,-3,-16,-2,0,0,0,0,0,0,0,0,0,0]"""
115,"CSI_DATA,11783,8c:90:2d:97:93:77,-53,11,0,0,0,0,0,0,0,0,0,-98,0,3,1,132369162,0,83,0,128,0,""[0,0,0,0,0,0,0,0,0,0,0,0,-1,-1,-1,-1,0,0,0,0,1,0,1,0,2,1,2,1,2,1,2,2,4,2,4,4,4,2,4,2,2,1,4,1,2,0,2,0,4,-1,4,-1,4,-2,4,-2,2,-4,2,-4,1,-5,0,-5,0,0,-1,-7,-2,-8,-4,-8,-5,-10,-5,-10,-7,-11,-7,-11,-7,-10,-5,-10,-5,-8,-4,-7,-4,-4,-2,-2,-1,0,0,4,2,5,2,10,4,11,5,14,7,16,5,17,5,20,5,20,5,20,2,17,1,16,0,0,0,0,0,0,0,0,0,0]"""
116,"CSI_DATA,11784,8c:90:2d:97:93:77,-52,11,0,0,0,0,0,0,0,0,0,-98,0,3,1,132388885,0,83,0,128,0,""[0,0,0,0,0,0,0,0,0,0,0,0,1,-1,1,-1,1,-1,1,-1,0,-1,-1,-3,-1,-3,-1,-3,-3,-4,-3,-4,-3,-6,-4,-6,-4,-6,-4,-6,-4,-6,-6,-6,-6,-4,-6,-3,-7,-3,-7,-1,-7,-1,-7,-1,-6,0,-6,1,-4,3,-3,4,0,0,0,7,1,7,3,9,4,10,3,12,4,13,4,13,4,12,4,10,4,9,3,7,1,4,0,3,-1,-1,-1,-6,-4,-9,-4,-13,-6,-15,-6,-18,-7,-20,-6,-23,-6,-24,-6,-24,-6,-26,-3,-21,-1,-20,0,0,0,0,0,0,0,0,0,0]"""
117,"CSI_DATA,11785,8c:90:2d:97:93:77,-53,11,0,0,0,0,0,0,0,0,0,-98,0,3,1,132398611,0,83,0,128,0,""[0,0,0,0,0,0,0,0,0,0,0,0,-1,-2,-1,-2,-1,-2,-1,-1,-2,-1,-1,0,-2,0,-2,1,-4,1,-4,1,-5,2,-5,2,-5,2,-5,4,-4,4,-4,5,-4,5,-2,5,-1,5,0,5,0,5,1,4,1,4,2,2,2,2,4,0,0,0,7,-2,8,-5,8,-7,10,-8,10,-8,11,-10,10,-10,10,-10,10,-8,8,-8,7,-5,4,-4,1,-1,-1,0,-4,2,-7,5,-11,7,-11,10,-14,11,-15,13,-18,11,-18,13,-18,13,-20,13,-18,8,-17,7,0,0,0,0,0,0,0,0,0,0]"""
118,"CSI_DATA,11786,8c:90:2d:97:93:77,-55,11,0,0,0,0,0,0,0,0,0,-98,0,3,1,132438834,0,83,0,128,0,""[0,0,0,0,0,0,0,0,0,0,0,0,1,-1,1,-1,0,0,0,1,-1,2,-1,2,-2,3,-3,3,-4,3,-4,3,-7,3,-7,3,-7,2,-5,2,-4,1,-4,2,-2,2,-1,2,0,2,1,2,2,2,3,2,3,2,5,1,7,1,7,0,0,0,8,-1,9,-2,9,-3,9,-4,9,-3,9,-4,8,-4,7,-4,7,-3,4,-2,3,-1,0,0,-3,0,-5,2,-7,2,-10,4,-13,3,-14,5,-15,5,-15,7,-16,5,-16,5,-15,4,-14,4,-11,2,-9,1,0,0,0,0,0,0,0,0,0,0]"""
119,"CSI_DATA,11787,8c:90:2d:97:93:77,-55,11,0,0,0,0,0,0,0,0,0,-98,0,3,1,132448606,0,83,0,128,0,""[0,0,0,0,0,0,0,0,0,0,0,0,-1,1,-1,1,-2,0,-2,-1,-2,-2,-3,-3,-3,-4,-2,-4,-2,-6,-1,-6,0,-7,0,-7,0,-7,1,-6,0,-4,0,-4,-1,-2,-2,-2,-3,-1,-4,0,-4,0,-6,1,-6,1,-7,2,-7,2,-6,3,0,0,-6,6,-6,6,-6,7,-6,8,-4,7,-4,8,-4,7,-3,6,-3,4,-2,3,-2,1,0,0,1,-2,3,-4,4,-6,6,-8,8,-9,7,-11,8,-12,8,-13,9,-12,9,-12,9,-11,8,-11,8,-7,6,-6,0,0,0,0,0,0,0,0,0,0]"""
120,"CSI_DATA,11788,8c:90:2d:97:93:77,-55,11,0,0,0,0,0,0,0,0,0,-98,0,3,1,132458578,0,83,0,128,0,""[0,0,0,0,0,0,0,0,0,0,0,0,-1,-1,-1,-2,0,-2,1,-3,2,-3,2,-3,3,-3,3,-2,5,-2,6,-1,6,0,6,0,5,0,3,0,2,0,1,-1,0,-2,0,-3,0,-5,0,-6,0,-6,0,-7,-1,-7,-1,-7,-1,-9,-2,-7,0,0,-3,-7,-5,-7,-6,-7,-6,-7,-6,-7,-6,-7,-6,-7,-6,-6,-5,-5,-3,-3,-2,-1,-2,0,-1,2,0,5,0,7,1,9,1,11,2,12,1,14,2,14,1,15,1,15,0,14,0,14,-1,10,-1,7,0,0,0,0,0,0,0,0,0,0]"""
121,"CSI_DATA,11789,8c:90:2d:97:93:77,-55,11,0,0,0,0,0,0,0,0,0,-98,0,3,1,132478566,0,83,0,128,0,""[0,0,0,0,0,0,0,0,0,0,0,0,-2,-1,-2,-1,-3,-1,-3,-2,-5,-2,-3,-2,-3,-3,-5,-3,-3,-5,-3,-5,-3,-5,-3,-5,-3,-3,-3,-3,-3,-1,-5,0,-5,0,-6,1,-6,1,-6,1,-7,2,-7,2,-7,1,-6,2,-6,2,-5,3,0,0,-2,5,-2,6,-2,7,-1,9,-1,9,-1,9,-2,9,-1,7,-1,7,0,6,0,5,1,1,1,0,2,-2,5,-3,6,-6,7,-9,7,-10,10,-10,10,-11,12,-11,12,-10,12,-9,11,-9,11,-6,9,-5,0,0,0,0,0,0,0,0,0,0]"""
122,"CSI_DATA,11790,8c:90:2d:97:93:77,-54,11,0,0,0,0,0,0,0,0,0,-98,0,3,1,132489231,0,83,0,128,0,""[0,0,0,0,0,0,0,0,0,0,0,0,-2,0,-2,0,-4,0,-4,1,-4,1,-5,1,-5,1,-5,1,-5,1,-5,1,-6,1,-5,1,-4,2,-4,2,-2,2,-2,4,-2,5,-1,5,-1,6,-1,8,-1,8,-1,8,0,6,0,6,0,6,2,5,0,0,5,4,6,2,8,2,9,2,9,2,10,2,10,4,9,2,8,2,6,1,5,1,2,0,0,-1,-1,-4,-4,-6,-5,-8,-6,-12,-8,-12,-8,-14,-9,-16,-6,-17,-6,-18,-6,-17,-6,-17,-2,-14,-2,-12,0,0,0,0,0,0,0,0,0,0]"""
123,"CSI_DATA,11791,8c:90:2d:97:93:77,-53,11,0,0,0,0,0,0,0,0,0,-98,0,3,1,132498639,0,83,0,128,0,""[0,0,0,0,0,0,0,0,0,0,0,0,1,1,2,1,2,0,2,1,2,0,3,1,3,1,3,1,3,1,3,1,5,1,5,1,5,0,5,0,5,-1,5,-2,6,-3,6,-3,6,-5,6,-5,6,-5,6,-5,5,-5,3,-5,3,-6,2,-6,0,0,0,-9,-1,-9,-2,-11,-3,-11,-2,-11,-2,-12,-1,-12,-2,-11,-1,-11,-2,-9,-1,-6,-2,-3,-2,-1,-3,1,-5,2,-6,6,-9,9,-9,10,-11,11,-11,12,-14,11,-15,10,-14,9,-15,9,-14,6,-11,5,0,0,0,0,0,0,0,0,0,0]"""
124,"CSI_DATA,11792,8c:90:2d:97:93:77,-54,11,0,0,0,0,0,0,0,0,0,-98,0,3,1,132508575,0,83,0,128,0,""[0,0,0,0,0,0,0,0,0,0,0,0,-2,-1,-2,0,-3,0,-5,0,-5,1,-3,1,-5,1,-3,1,-5,2,-5,2,-6,2,-6,3,-5,3,-5,3,-3,3,-3,5,-2,5,-2,6,-2,7,-1,7,-2,7,-1,7,-1,6,0,6,1,6,2,5,0,0,6,5,7,3,8,5,8,5,8,5,10,5,8,5,8,5,7,5,6,2,3,2,2,0,1,-2,0,-5,-1,-7,-3,-10,-2,-13,-3,-15,-2,-16,-3,-17,-1,-17,-1,-18,0,-17,0,-17,2,-13,2,-11,0,0,0,0,0,0,0,0,0,0]"""
125,"CSI_DATA,11793,8c:90:2d:97:93:77,-54,11,0,0,0,0,0,0,0,0,0,-98,0,3,1,132518736,0,83,0,128,0,""[0,0,0,0,0,0,0,0,0,0,0,0,1,1,1,1,2,1,2,1,3,0,2,0,3,0,3,0,4,0,4,0,5,0,6,-1,5,-1,5,-1,4,-1,5,-2,4,-3,4,-4,4,-4,3,-5,3,-5,3,-5,3,-5,1,-6,1,-8,0,-8,0,0,-3,-9,-3,-10,-4,-10,-5,-10,-4,-10,-4,-11,-4,-10,-4,-9,-3,-9,-3,-6,-2,-4,-2,-1,-2,1,-2,4,-3,5,-4,9,-6,11,-5,12,-8,12,-8,13,-10,13,-10,12,-10,11,-10,11,-10,6,-8,5,0,0,0,0,0,0,0,0,0,0]"""
126,"CSI_DATA,11794,8c:90:2d:97:93:77,-54,11,0,0,0,0,0,0,0,0,0,-98,0,3,1,132538951,0,83,0,128,0,""[0,0,0,0,0,0,0,0,0,0,0,0,-2,0,-1,0,0,1,0,1,1,1,2,1,3,2,3,2,4,3,4,3,4,6,4,6,4,4,3,4,3,2,3,2,2,1,2,-1,3,-2,3,-3,3,-4,2,-6,2,-7,2,-8,2,-9,0,-9,0,0,0,-11,-1,-12,-1,-12,-2,-12,-1,-11,-2,-11,-1,-9,-1,-7,0,-6,0,-3,0,-1,-1,1,-1,4,-1,7,-1,9,-1,12,-3,14,-2,14,-3,14,-2,14,-4,13,-3,13,-4,11,-3,9,-4,6,-3,3,0,0,0,0,0,0,0,0,0,0]"""
127,"CSI_DATA,11795,8c:90:2d:97:93:77,-55,11,0,0,0,0,0,0,0,0,0,-98,0,3,1,132568652,0,83,0,128,0,""[0,0,0,0,0,0,0,0,0,0,0,0,0,-2,1,-2,3,-2,4,-1,5,0,5,0,6,1,6,1,6,2,6,2,5,4,5,4,3,4,2,3,0,2,-1,0,-2,-1,-3,-2,-5,-4,-6,-6,-6,-8,-8,-9,-6,-9,-8,-10,-6,-11,-8,-9,0,0,-6,-8,-6,-6,-5,-5,-5,-3,-3,-2,-3,-1,-2,0,0,0,1,1,2,1,4,1,5,2,8,2,9,2,9,2,10,1,10,2,10,0,9,0,9,-1,8,-1,5,-2,4,-2,3,-2,1,-1,-1,-1,0,0,0,0,0,0,0,0,0,0]"""
128,"CSI_DATA,11796,8c:90:2d:97:93:77,-55,11,0,0,0,0,0,0,0,0,0,-98,0,3,1,132578732,0,83,0,128,0,""[0,0,0,0,0,0,0,0,0,0,0,0,-3,0,-4,0,-5,0,-6,-2,-6,-2,-6,-3,-6,-4,-6,-4,-6,-5,-5,-5,-4,-6,-3,-6,-2,-5,-1,-4,0,-2,1,1,1,3,1,5,2,6,1,8,1,10,0,11,0,11,0,11,-1,12,0,10,0,0,0,8,0,6,1,5,1,3,1,2,1,0,1,-1,1,-2,1,-4,-1,-5,-1,-6,-2,-6,-3,-8,-4,-9,-4,-10,-5,-10,-5,-10,-6,-8,-6,-8,-6,-6,-6,-5,-5,-4,-5,-3,-4,-2,-3,-1,-1,1,0,0,0,0,0,0,0,0,0,0]"""
129,"CSI_DATA,11797,8c:90:2d:97:93:77,-52,11,0,0,0,0,0,0,0,0,0,-98,0,3,1,136588969,0,83,0,128,0,""[0,0,0,0,0,0,0,0,0,0,0,0,-5,-5,-5,-5,-7,-7,-7,-8,-7,-8,-7,-7,-7,-7,-7,-7,-5,-7,-4,-7,-2,-7,-2,-7,0,-7,1,-7,2,-5,4,-7,4,-7,4,-5,5,-7,5,-5,5,-5,7,-5,5,-4,7,-4,7,-2,7,-1,0,0,8,0,8,0,9,1,11,0,9,1,11,1,12,1,11,-1,12,-1,11,-2,11,-1,8,0,7,1,5,2,2,4,2,7,1,11,2,12,2,15,5,16,5,18,5,19,8,19,9,19,9,18,9,15,0,0,0,0,0,0,0,0,0,0]"""
130,"CSI_DATA,11798,8c:90:2d:97:93:77,-51,11,0,0,0,0,0,0,0,0,0,-98,0,3,1,136598731,0,83,0,128,0,""[0,0,0,0,0,0,0,0,0,0,0,0,-7,0,-8,1,-10,2,-11,1,-10,1,-10,1,-10,1,-8,1,-8,0,-8,0,-8,-1,-7,-2,-7,-4,-5,-5,-4,-5,-4,-8,-4,-8,-4,-8,-4,-8,-4,-8,-4,-10,-2,-10,-1,-8,-1,-8,0,-8,0,-8,0,0,1,-10,2,-10,2,-11,2,-11,4,-11,2,-14,2,-14,1,-14,1,-14,0,-13,1,-13,1,-10,2,-8,4,-7,5,-5,8,-5,13,-4,13,-5,16,-4,17,-7,19,-7,20,-8,20,-10,20,-13,17,-11,14,-11,0,0,0,0,0,0,0,0,0,0]"""
131,"CSI_DATA,11799,8c:90:2d:97:93:77,-51,11,0,0,0,0,0,0,0,0,0,-98,0,3,1,136608577,0,83,0,128,0,""[0,0,0,0,0,0,0,0,0,0,0,0,5,2,7,2,8,4,8,5,8,4,8,4,8,4,7,2,7,4,5,4,4,5,4,5,1,5,0,5,-1,5,-2,8,-2,8,-4,7,-4,8,-4,8,-4,7,-5,7,-5,7,-5,7,-7,5,-7,5,0,0,-8,4,-10,4,-10,4,-11,5,-11,5,-11,7,-11,7,-10,8,-11,8,-8,8,-10,8,-8,5,-8,4,-8,1,-10,-1,-11,-2,-14,-7,-15,-7,-17,-8,-20,-7,-20,-8,-23,-5,-23,-4,-24,-1,-21,-2,-20,-1,0,0,0,0,0,0,0,0,0,0]"""
132,"CSI_DATA,11800,8c:90:2d:97:93:77,-51,11,0,0,0,0,0,0,0,0,0,-98,0,3,1,136618575,0,83,0,128,0,""[0,0,0,0,0,0,0,0,0,0,0,0,1,-7,2,-8,2,-10,4,-10,4,-10,2,-10,2,-10,2,-8,2,-8,2,-7,5,-5,5,-5,5,-2,5,-1,5,0,8,0,8,0,7,1,8,1,8,2,8,2,8,2,5,2,7,4,5,5,5,4,0,0,4,5,5,7,5,8,7,8,5,8,7,8,7,8,8,7,10,7,8,5,8,7,5,5,4,7,2,7,0,7,-1,10,-4,13,-2,14,-4,16,-2,19,-4,20,-2,20,-1,22,1,22,1,20,2,17,0,0,0,0,0,0,0,0,0,0]"""
133,"CSI_DATA,11801,8c:90:2d:97:93:77,-51,11,0,0,0,0,0,0,0,0,0,-98,0,3,1,136628637,0,83,0,128,0,""[0,0,0,0,0,0,0,0,0,0,0,0,5,-1,7,-2,9,-2,11,-2,9,-2,9,-2,9,-2,8,-2,8,-1,7,-1,7,0,7,1,5,2,4,4,4,5,4,7,2,7,2,7,2,8,2,8,2,8,1,8,0,7,1,8,-1,8,-1,8,0,0,-2,8,-2,8,-4,9,-2,9,-2,9,-2,11,-2,12,0,11,0,11,1,11,0,9,-1,8,-2,7,-4,7,-7,5,-8,7,-12,7,-12,8,-14,8,-14,11,-16,11,-16,14,-15,15,-15,16,-12,14,-9,14,0,0,0,0,0,0,0,0,0,0]"""
134,"CSI_DATA,11802,8c:90:2d:97:93:77,-51,11,0,0,0,0,0,0,0,0,0,-98,0,3,1,136638942,0,83,0,128,0,""[0,0,0,0,0,0,0,0,0,0,0,0,4,-5,5,-6,6,-8,8,-8,8,-8,6,-8,6,-8,5,-8,6,-6,5,-5,6,-4,6,-2,6,-1,6,1,5,1,6,4,6,4,6,4,6,5,6,5,6,6,6,6,4,5,4,6,4,8,4,6,0,0,2,8,2,9,1,9,2,9,1,9,2,10,2,10,4,9,5,9,6,8,5,8,2,6,1,8,0,6,-2,6,-5,9,-6,10,-6,12,-8,13,-6,16,-8,17,-8,19,-6,19,-4,20,-2,17,-1,16,0,0,0,0,0,0,0,0,0,0]"""
135,"CSI_DATA,11803,8c:90:2d:97:93:77,-52,11,0,0,0,0,0,0,0,0,0,-98,0,3,1,136648622,0,83,0,128,0,""[0,0,0,0,0,0,0,0,0,0,0,0,-4,-6,-6,-8,-6,-8,-6,-9,-6,-9,-6,-9,-6,-9,-6,-8,-5,-8,-4,-8,-2,-8,-1,-8,0,-6,1,-6,2,-6,4,-6,5,-6,5,-5,5,-5,6,-5,6,-5,8,-4,6,-4,6,-4,8,-2,8,-2,0,0,8,-1,9,-1,9,0,9,-1,9,-1,9,-2,10,-2,9,-2,10,-2,8,-4,9,-2,6,-1,5,0,5,1,5,2,6,6,6,9,8,9,9,12,12,12,13,13,14,12,16,10,17,8,16,8,14,6,0,0,0,0,0,0,0,0,0,0]"""
136,"CSI_DATA,11804,8c:90:2d:97:93:77,-52,11,0,0,0,0,0,0,0,0,0,-98,0,3,1,136658540,0,83,0,128,0,""[0,0,0,0,0,0,0,0,0,0,0,0,-3,5,-3,6,-5,9,-6,9,-5,9,-5,9,-5,9,-5,7,-5,7,-5,6,-6,5,-6,3,-6,1,-6,0,-6,-1,-6,-3,-6,-3,-6,-3,-7,-5,-7,-5,-7,-6,-6,-6,-5,-6,-6,-7,-5,-9,-5,-7,0,0,-3,-9,-3,-9,-3,-10,-5,-10,-3,-10,-5,-11,-3,-10,-5,-10,-5,-9,-5,-7,-3,-7,-2,-7,-1,-6,1,-6,3,-6,5,-7,7,-10,7,-11,9,-12,9,-15,10,-15,10,-18,9,-18,7,-19,6,-16,3,-16,0,0,0,0,0,0,0,0,0,0]"""
137,"CSI_DATA,11805,8c:90:2d:97:93:77,-52,11,0,0,0,0,0,0,0,0,0,-98,0,3,1,136669802,0,83,0,128,0,""[0,0,0,0,0,0,0,0,0,0,0,0,5,-3,5,-5,6,-7,7,-6,7,-6,7,-6,7,-6,7,-6,7,-5,6,-3,6,-2,6,-1,5,0,5,1,3,2,3,5,2,5,2,5,3,6,2,6,2,7,1,7,0,7,0,7,-1,7,-1,8,0,0,-1,8,-1,8,-2,8,-1,8,-2,8,-1,10,-1,10,0,8,-1,7,0,7,-1,7,-1,5,-3,3,-5,3,-7,2,-10,2,-12,2,-13,3,-15,3,-16,6,-17,6,-17,8,-17,10,-17,11,-15,10,-12,10,0,0,0,0,0,0,0,0,0,0]"""
138,"CSI_DATA,11806,8c:90:2d:97:93:77,-52,11,0,0,0,0,0,0,0,0,0,-98,0,3,1,136678591,0,83,0,128,0,""[0,0,0,0,0,0,0,0,0,0,0,0,-5,3,-5,5,-6,6,-9,6,-7,6,-7,6,-9,6,-7,6,-7,5,-7,3,-7,2,-7,2,-6,0,-6,-1,-6,-2,-6,-5,-5,-5,-5,-6,-5,-6,-5,-7,-5,-7,-5,-9,-2,-9,-3,-9,-2,-10,-2,-9,0,0,-1,-10,-1,-10,-1,-11,-2,-10,-1,-10,-1,-11,-1,-11,-2,-10,-2,-10,-2,-9,-1,-7,0,-6,1,-7,2,-6,5,-5,7,-6,10,-6,10,-7,11,-9,12,-11,14,-11,14,-14,12,-15,11,-18,10,-15,7,-15,0,0,0,0,0,0,0,0,0,0]"""
139,"CSI_DATA,11807,8c:90:2d:97:93:77,-52,11,0,0,0,0,0,0,0,0,0,-98,0,3,1,136688986,0,83,0,128,0,""[0,0,0,0,0,0,0,0,0,0,0,0,5,1,6,1,7,1,9,2,9,1,9,2,9,2,7,1,7,2,6,2,6,3,5,3,3,3,1,5,0,5,-1,6,-2,6,-2,6,-2,6,-2,6,-3,6,-3,6,-3,6,-5,6,-6,6,-6,6,0,0,-7,5,-7,6,-9,6,-7,6,-7,6,-7,7,-9,6,-6,6,-7,6,-6,6,-7,5,-5,3,-6,1,-7,0,-7,-2,-10,-2,-11,-5,-14,-3,-15,-5,-18,-2,-19,-3,-20,-2,-20,-1,-20,1,-18,0,-16,1,0,0,0,0,0,0,0,0,0,0]"""
140,"CSI_DATA,11808,8c:90:2d:97:93:77,-52,11,0,0,0,0,0,0,0,0,0,-98,0,3,1,136698649,0,83,0,128,0,""[0,0,0,0,0,0,0,0,0,0,0,0,-2,5,-2,6,-3,7,-5,7,-5,9,-5,7,-5,7,-3,7,-5,6,-5,6,-6,5,-6,3,-6,2,-6,0,-6,-1,-7,-1,-7,-2,-7,-2,-7,-3,-7,-5,-7,-5,-7,-5,-6,-5,-6,-6,-6,-7,-6,-6,0,0,-5,-7,-6,-9,-6,-9,-7,-9,-6,-9,-6,-10,-6,-10,-6,-9,-7,-7,-7,-7,-6,-7,-3,-7,-2,-7,-1,-7,1,-7,2,-9,5,-11,3,-12,5,-15,3,-16,5,-18,5,-19,3,-19,1,-20,0,-18,-1,-16,0,0,0,0,0,0,0,0,0,0]"""
141,"CSI_DATA,11809,8c:90:2d:97:93:77,-52,11,0,0,0,0,0,0,0,0,0,-98,0,3,1,136708590,0,83,0,128,0,""[0,0,0,0,0,0,0,0,0,0,0,0,-5,-2,-6,-4,-8,-4,-9,-5,-9,-4,-9,-5,-9,-5,-9,-4,-8,-5,-8,-5,-6,-5,-5,-6,-4,-6,-2,-6,-1,-6,0,-8,1,-8,1,-8,1,-8,1,-8,2,-8,2,-8,4,-6,4,-6,5,-6,5,-6,0,0,6,-6,6,-6,6,-6,6,-6,6,-6,8,-8,8,-8,6,-8,6,-8,5,-8,6,-6,5,-5,5,-4,6,-2,6,0,9,1,10,2,12,2,13,4,15,1,16,2,17,1,17,-1,19,-4,16,-2,15,-4,0,0,0,0,0,0,0,0,0,0]"""
142,"CSI_DATA,11810,8c:90:2d:97:93:77,-52,11,0,0,0,0,0,0,0,0,0,-98,0,3,1,136718640,0,83,0,128,0,""[0,0,0,0,0,0,0,0,0,0,0,0,5,0,6,0,8,0,9,1,9,1,8,1,9,1,8,1,8,1,6,1,6,2,5,2,4,4,2,4,1,5,0,6,0,5,0,6,0,6,-1,6,-1,6,-1,8,-2,6,-2,6,-4,8,-4,6,0,0,-5,8,-5,8,-6,8,-5,9,-6,9,-6,9,-6,10,-5,9,-5,9,-4,9,-5,8,-5,6,-5,5,-6,4,-9,1,-10,1,-13,0,-13,1,-16,1,-17,4,-18,2,-20,5,-18,6,-18,9,-14,8,-13,8,0,0,0,0,0,0,0,0,0,0]"""
143,"CSI_DATA,11811,8c:90:2d:97:93:77,-52,11,0,0,0,0,0,0,0,0,0,-98,0,3,1,136728621,0,83,0,128,0,""[0,0,0,0,0,0,0,0,0,0,0,0,0,5,1,6,1,6,1,9,1,8,2,8,1,8,2,8,1,8,1,6,0,6,-1,6,-2,5,-4,4,-4,4,-6,4,-6,2,-6,2,-8,2,-8,1,-8,1,-8,1,-8,1,-8,1,-9,-1,-9,0,0,0,-9,-1,-10,-1,-10,-1,-12,-1,-10,-1,-12,-1,-12,0,-12,0,-12,0,-10,1,-10,0,-9,-1,-8,-2,-6,-4,-6,-6,-6,-9,-6,-10,-8,-12,-8,-14,-10,-14,-10,-16,-12,-14,-14,-13,-16,-12,-13,-12,-13,-9,0,0,0,0,0,0,0,0,0,0]"""
144,"CSI_DATA,11812,8c:90:2d:97:93:77,-52,11,0,0,0,0,0,0,0,0,0,-98,0,3,1,136738872,0,83,0,128,0,""[0,0,0,0,0,0,0,0,0,0,0,0,-6,0,-8,0,-9,0,-10,0,-10,0,-10,0,-10,0,-9,0,-9,0,-8,-1,-8,-2,-8,-2,-6,-4,-5,-5,-4,-5,-2,-6,-2,-6,-1,-8,-2,-8,-2,-8,-1,-8,-1,-9,0,-8,0,-8,1,-8,1,-9,0,0,1,-9,1,-9,2,-9,1,-10,2,-10,1,-12,1,-13,0,-12,1,-12,0,-10,1,-10,1,-8,2,-8,4,-6,6,-4,9,-5,12,-4,12,-5,14,-5,14,-8,16,-6,17,-9,17,-10,16,-12,13,-10,10,-10,0,0,0,0,0,0,0,0,0,0]"""
145,"CSI_DATA,11813,8c:90:2d:97:93:77,-52,11,0,0,0,0,0,0,0,0,0,-98,0,3,1,136748664,0,83,0,128,0,""[0,0,0,0,0,0,0,0,0,0,0,0,-6,-1,-8,-1,-9,-1,-10,-2,-10,-1,-9,-1,-9,-1,-9,-1,-9,-1,-8,-1,-8,-2,-6,-4,-5,-5,-5,-5,-4,-5,-2,-6,-1,-6,-1,-8,-2,-9,-1,-8,-1,-8,-1,-9,0,-8,0,-8,1,-9,1,-8,0,0,1,-9,1,-9,2,-9,1,-10,2,-10,2,-12,2,-12,1,-12,0,-12,0,-10,0,-10,1,-9,2,-8,4,-6,6,-5,8,-5,12,-5,12,-6,13,-6,15,-8,16,-8,17,-9,16,-12,16,-13,13,-10,10,-12,0,0,0,0,0,0,0,0,0,0]"""
146,"CSI_DATA,11814,8c:90:2d:97:93:77,-52,11,0,0,0,0,0,0,0,0,0,-98,0,3,1,136758660,0,83,0,128,0,""[0,0,0,0,0,0,0,0,0,0,0,0,-1,5,-1,7,-1,8,-2,9,-1,8,-1,8,-1,8,-1,8,-1,7,-2,7,-2,5,-4,5,-5,4,-5,2,-5,1,-8,1,-8,1,-8,0,-8,0,-8,-1,-9,-1,-8,-1,-7,-1,-8,-2,-8,-2,-8,-2,0,0,-8,-4,-8,-4,-9,-4,-9,-4,-9,-4,-11,-4,-11,-4,-11,-2,-12,-2,-11,-1,-11,-2,-8,-2,-8,-4,-5,-5,-4,-7,-5,-9,-2,-14,-4,-14,-4,-16,-7,-18,-7,-19,-7,-19,-9,-19,-11,-19,-11,-18,-11,-15,0,0,0,0,0,0,0,0,0,0]"""
147,"CSI_DATA,11815,8c:90:2d:97:93:77,-52,11,0,0,0,0,0,0,0,0,0,-98,0,3,1,136768584,0,83,0,128,0,""[0,0,0,0,0,0,0,0,0,0,0,0,2,-5,4,-5,5,-7,7,-7,5,-8,5,-7,5,-8,4,-7,5,-7,4,-5,5,-4,5,-4,5,-1,5,0,5,0,5,1,5,2,5,2,5,4,5,4,5,4,5,4,2,4,4,5,2,5,2,5,0,0,2,5,2,7,2,8,4,8,2,8,5,8,5,10,5,8,7,7,7,7,7,7,4,7,2,7,1,7,-1,7,-2,8,-5,10,-5,11,-8,13,-7,15,-8,17,-10,18,-7,20,-5,20,-5,18,-2,17,0,0,0,0,0,0,0,0,0,0]"""
148,"CSI_DATA,11816,8c:90:2d:97:93:77,-52,11,0,0,0,0,0,0,0,0,0,-98,0,3,1,136778663,0,83,0,128,0,""[0,0,0,0,0,0,0,0,0,0,0,0,-7,0,-7,1,-8,1,-10,0,-10,1,-10,1,-10,1,-8,1,-8,0,-8,0,-7,-1,-7,-1,-5,-2,-5,-4,-4,-4,-2,-7,-2,-7,-1,-7,-2,-7,-2,-7,-1,-7,-1,-7,0,-7,0,-7,1,-7,1,-7,0,0,2,-7,2,-8,2,-10,2,-10,2,-10,2,-11,2,-11,1,-11,1,-13,0,-11,1,-11,1,-8,1,-7,2,-5,4,-4,7,-2,10,-1,11,-1,14,-1,16,-2,17,-2,19,-4,20,-5,20,-8,19,-7,16,-7,0,0,0,0,0,0,0,0,0,0]"""
149,"CSI_DATA,11817,8c:90:2d:97:93:77,-52,11,0,0,0,0,0,0,0,0,0,-98,0,3,1,136788959,0,83,0,128,0,""[0,0,0,0,0,0,0,0,0,0,0,0,-4,-4,-6,-6,-7,-7,-6,-9,-7,-7,-7,-7,-7,-7,-7,-6,-6,-7,-6,-6,-4,-7,-3,-7,-1,-6,0,-6,1,-6,3,-6,3,-6,3,-6,4,-4,4,-4,4,-4,4,-4,4,-4,6,-3,6,-3,6,-3,0,0,7,-1,7,-3,9,-1,11,-3,9,-3,11,-4,11,-4,11,-6,11,-6,9,-7,11,-6,7,-4,7,-3,6,-1,6,1,6,4,6,7,7,9,9,12,12,12,12,15,14,14,15,14,19,14,15,14,17,11,0,0,0,0,0,0,0,0,0,0]"""
150,"CSI_DATA,11818,8c:90:2d:97:93:77,-52,11,0,0,0,0,0,0,0,0,0,-98,0,3,1,136798604,0,83,0,128,0,""[0,0,0,0,0,0,0,0,0,0,0,0,-3,4,-4,6,-4,7,-6,9,-4,7,-4,7,-4,7,-4,6,-4,6,-4,6,-6,4,-6,3,-6,1,-6,0,-6,-1,-6,-1,-6,-3,-6,-3,-6,-3,-7,-4,-6,-4,-6,-4,-4,-4,-4,-6,-4,-6,-4,-7,0,0,-4,-9,-4,-9,-4,-11,-6,-9,-6,-11,-6,-12,-7,-12,-9,-11,-9,-11,-9,-9,-9,-9,-6,-7,-4,-7,-3,-7,0,-6,3,-9,6,-9,7,-11,9,-12,9,-15,12,-15,14,-19,12,-19,11,-22,11,-20,7,-20,0,0,0,0,0,0,0,0,0,0]"""
151,"CSI_DATA,11819,8c:90:2d:97:93:77,-52,11,0,0,0,0,0,0,0,0,0,-98,0,3,1,136808576,0,83,0,128,0,""[0,0,0,0,0,0,0,0,0,0,0,0,-3,-6,-3,-7,-4,-9,-4,-11,-4,-11,-4,-9,-4,-9,-4,-7,-3,-7,-3,-7,-1,-7,0,-7,1,-6,3,-4,3,-4,4,-4,4,-3,4,-3,6,-1,6,-1,6,-1,6,-1,4,0,6,0,6,1,6,1,0,0,6,1,7,3,7,3,9,3,9,3,11,3,12,4,11,1,12,1,12,0,11,0,7,1,7,3,4,4,1,4,1,7,-1,11,0,12,-1,15,0,17,-1,20,-1,20,0,22,1,23,3,22,4,20,0,0,0,0,0,0,0,0,0,0]"""
152,"CSI_DATA,11820,8c:90:2d:97:93:77,-52,11,0,0,0,0,0,0,0,0,0,-98,0,3,1,136818657,0,83,0,128,0,""[0,0,0,0,0,0,0,0,0,0,0,0,-1,4,-1,6,-3,7,-3,9,-3,9,-3,7,-3,7,-3,7,-3,6,-3,6,-4,4,-4,3,-6,1,-6,1,-6,0,-6,-1,-6,-3,-6,-3,-7,-3,-7,-3,-7,-3,-6,-4,-4,-4,-4,-4,-4,-6,-4,-6,0,0,-4,-7,-4,-7,-4,-9,-4,-9,-4,-11,-6,-11,-6,-12,-7,-11,-7,-11,-7,-9,-7,-9,-6,-7,-4,-7,-1,-7,0,-6,3,-7,6,-7,6,-9,9,-11,9,-14,12,-14,12,-15,12,-19,11,-20,9,-19,7,-19,0,0,0,0,0,0,0,0,0,0]"""
153,"CSI_DATA,11821,8c:90:2d:97:93:77,-52,11,0,0,0,0,0,0,0,0,0,-98,0,3,1,136828701,0,83,0,128,0,""[0,0,0,0,0,0,0,0,0,0,0,0,3,-6,3,-7,3,-9,4,-9,4,-9,4,-9,4,-9,3,-7,3,-7,3,-6,4,-4,4,-3,4,-1,4,0,4,1,4,3,4,3,4,4,4,3,4,4,4,4,3,4,1,4,1,4,0,6,0,4,0,0,-1,6,-1,7,-1,7,-1,9,-1,9,-1,11,-1,12,0,11,0,11,1,9,0,9,0,7,-1,6,-3,4,-4,3,-7,3,-11,1,-11,1,-14,1,-15,3,-19,3,-20,6,-20,6,-20,9,-19,7,-17,9,0,0,0,0,0,0,0,0,0,0]"""
154,"CSI_DATA,11822,8c:90:2d:97:93:77,-52,11,0,0,0,0,0,0,0,0,0,-98,0,3,1,136839192,0,83,0,128,0,""[0,0,0,0,0,0,0,0,0,0,0,0,6,0,6,0,8,0,9,1,9,1,9,1,8,0,8,0,6,1,4,1,4,3,3,3,1,3,0,4,-1,4,-1,6,-3,6,-3,6,-3,6,-4,6,-4,4,-4,4,-4,4,-4,3,-6,3,-6,3,0,0,-8,3,-8,1,-9,1,-11,3,-9,3,-11,3,-11,4,-9,4,-11,4,-9,6,-9,4,-8,3,-8,1,-6,0,-6,-3,-6,-4,-6,-8,-8,-9,-9,-13,-13,-13,-13,-14,-14,-14,-16,-14,-19,-13,-17,-13,-19,-9,0,0,0,0,0,0,0,0,0,0]"""
155,"CSI_DATA,11823,8c:90:2d:97:93:77,-52,11,0,0,0,0,0,0,0,0,0,-98,0,3,1,136848565,0,83,0,128,0,""[0,0,0,0,0,0,0,0,0,0,0,0,-6,-4,-8,-4,-9,-6,-9,-8,-9,-6,-8,-6,-8,-6,-8,-6,-6,-6,-4,-6,-3,-6,-1,-6,0,-6,1,-6,3,-4,3,-4,4,-4,4,-4,6,-4,6,-4,6,-4,6,-3,4,-1,4,-1,6,0,4,0,0,0,6,0,6,1,8,1,8,1,8,1,9,1,11,1,9,0,11,0,9,-1,9,0,6,0,6,1,3,3,1,3,0,6,-1,9,-1,11,-1,14,0,16,0,17,0,19,1,19,3,21,3,19,4,17,0,0,0,0,0,0,0,0,0,0]"""
156,"CSI_DATA,11824,8c:90:2d:97:93:77,-52,11,0,0,0,0,0,0,0,0,0,-98,0,3,1,136858663,0,83,0,128,0,""[0,0,0,0,0,0,0,0,0,0,0,0,3,-6,3,-7,3,-9,4,-9,4,-9,4,-9,4,-9,3,-7,4,-6,4,-6,4,-4,4,-3,4,-1,4,1,4,1,4,4,4,4,3,4,4,4,3,4,3,4,1,4,1,4,1,4,0,4,0,4,0,0,-3,6,-1,6,-3,7,-1,7,-3,9,-1,9,-1,11,0,11,-1,11,0,9,0,9,0,6,-1,4,-3,3,-4,1,-7,1,-11,0,-12,0,-14,-1,-17,0,-20,0,-22,1,-22,3,-23,6,-22,4,-19,6,0,0,0,0,0,0,0,0,0,0]"""
157,"CSI_DATA,11825,8c:90:2d:97:93:77,-53,11,0,0,0,0,0,0,0,0,0,-98,0,3,1,136868677,0,83,0,128,0,""[0,0,0,0,0,0,0,0,0,0,0,0,4,1,6,1,7,3,7,4,7,3,7,3,7,4,6,3,4,3,4,4,3,4,1,4,0,4,-1,4,-3,4,-4,4,-4,3,-4,3,-6,3,-6,3,-6,3,-6,3,-6,0,-6,0,-7,-1,-6,-1,0,0,-7,-3,-9,-3,-9,-3,-10,-3,-10,-4,-12,-3,-12,-3,-12,-1,-12,-1,-12,0,-10,0,-9,-1,-7,-3,-4,-3,-3,-4,-1,-7,1,-10,1,-12,3,-15,1,-16,3,-20,3,-21,1,-23,0,-24,-1,-21,-3,-20,0,0,0,0,0,0,0,0,0,0]"""
158,"CSI_DATA,11826,8c:90:2d:97:93:77,-52,11,0,0,0,0,0,0,0,0,0,-98,0,3,1,136878633,0,83,0,128,0,""[0,0,0,0,0,0,0,0,0,0,0,0,3,-6,4,-6,6,-7,6,-7,6,-7,6,-7,6,-6,4,-6,4,-4,4,-3,4,-1,4,-1,4,0,3,1,3,3,3,4,3,4,1,4,1,6,1,4,0,4,0,4,0,4,-1,4,-3,4,-3,4,0,0,-6,4,-6,4,-7,6,-7,7,-7,7,-7,9,-7,9,-6,10,-7,10,-6,10,-6,9,-4,6,-4,4,-4,1,-4,-1,-6,-3,-7,-7,-9,-9,-10,-12,-13,-12,-15,-15,-16,-13,-18,-13,-20,-13,-18,-13,-18,-10,0,0,0,0,0,0,0,0,0,0]"""
159,"CSI_DATA,11827,8c:90:2d:97:93:77,-52,11,0,0,0,0,0,0,0,0,0,-98,0,3,1,136898558,0,83,0,128,0,""[0,0,0,0,0,0,0,0,0,0,0,0,-3,6,-4,6,-4,7,-4,9,-4,9,-4,7,-4,7,-4,6,-4,6,-4,4,-6,3,-6,1,-6,0,-6,-1,-6,-1,-7,-4,-7,-4,-6,-4,-7,-4,-7,-4,-6,-4,-6,-6,-4,-6,-4,-6,-3,-7,-3,-6,0,0,-3,-9,-3,-9,-1,-11,-3,-11,-3,-12,-4,-14,-4,-14,-6,-12,-6,-12,-6,-11,-4,-11,-4,-9,-3,-9,0,-7,3,-6,6,-6,9,-6,11,-6,14,-7,15,-9,19,-9,20,-12,19,-14,19,-15,17,-14,14,-14,0,0,0,0,0,0,0,0,0,0]"""
160,"CSI_DATA,11828,8c:90:2d:97:93:77,-52,11,0,0,0,0,0,0,0,0,0,-98,0,3,1,136908597,0,83,0,128,0,""[0,0,0,0,0,0,0,0,0,0,0,0,6,0,7,1,9,1,9,3,9,1,9,1,9,1,7,1,6,1,6,1,4,3,3,4,1,4,0,4,0,4,-1,7,-3,7,-3,7,-3,6,-3,6,-4,6,-4,6,-4,4,-4,4,-6,3,-6,3,0,0,-7,3,-9,3,-9,4,-10,4,-9,4,-10,7,-10,7,-9,7,-10,9,-9,9,-9,7,-7,6,-7,3,-6,1,-7,-1,-9,-3,-10,-7,-12,-7,-13,-10,-16,-10,-16,-12,-20,-10,-21,-10,-23,-9,-20,-9,-20,-6,0,0,0,0,0,0,0,0,0,0]"""
161,"CSI_DATA,11829,8c:90:2d:97:93:77,-52,11,0,0,0,0,0,0,0,0,0,-98,0,3,1,136918584,0,83,0,128,0,""[0,0,0,0,0,0,0,0,0,0,0,0,7,0,7,0,9,0,10,0,10,0,9,0,9,0,7,0,7,0,6,0,6,3,4,3,3,4,1,4,0,4,-1,7,-1,7,-1,7,-1,7,-1,6,-3,6,-3,6,-3,6,-3,4,-4,4,-4,4,0,0,-6,4,-7,4,-7,6,-7,7,-7,7,-7,9,-7,9,-6,9,-7,10,-6,10,-6,10,-4,7,-6,6,-6,3,-7,0,-9,-1,-12,-4,-13,-4,-15,-6,-18,-6,-20,-7,-21,-6,-23,-4,-24,-3,-21,-3,-20,-1,0,0,0,0,0,0,0,0,0,0]"""
162,"CSI_DATA,11830,8c:90:2d:97:93:77,-52,11,0,0,0,0,0,0,0,0,0,-98,0,3,1,136928673,0,83,0,128,0,""[0,0,0,0,0,0,0,0,0,0,0,0,-8,-2,-10,-2,-11,-1,-11,-2,-11,-2,-11,-2,-11,-2,-10,-1,-8,-2,-7,-2,-7,-4,-5,-4,-4,-5,-2,-5,-1,-7,0,-8,0,-8,0,-8,0,-8,0,-8,1,-8,1,-8,1,-7,1,-7,2,-7,2,-7,0,0,4,-7,4,-7,4,-8,4,-8,4,-10,4,-11,4,-13,2,-13,2,-11,1,-13,2,-11,1,-10,2,-8,4,-5,5,-4,8,-2,11,-1,11,-1,14,-1,16,-2,19,-1,20,-2,20,-4,20,-7,17,-5,16,-5,0,0,0,0,0,0,0,0,0,0]"""
163,"CSI_DATA,11831,8c:90:2d:97:93:77,-52,11,0,0,0,0,0,0,0,0,0,-98,0,3,1,136938913,0,83,0,128,0,""[0,0,0,0,0,0,0,0,0,0,0,0,6,4,6,6,7,6,7,6,9,6,7,6,9,6,7,4,6,4,6,4,4,4,3,4,1,4,0,4,-1,4,-4,6,-4,6,-6,6,-4,6,-6,6,-6,4,-6,6,-6,4,-6,4,-7,3,-6,4,0,0,-7,3,-7,4,-7,4,-7,6,-9,6,-9,7,-9,7,-7,9,-9,9,-7,9,-7,7,-6,6,-6,4,-7,3,-7,0,-10,-1,-12,-3,-13,-3,-15,-4,-18,-4,-20,-4,-21,-3,-21,-1,-23,0,-20,0,-16,0,0,0,0,0,0,0,0,0,0,0]"""
164,"CSI_DATA,11832,8c:90:2d:97:93:77,-52,11,0,0,0,0,0,0,0,0,0,-98,0,3,1,136948642,0,83,0,128,0,""[0,0,0,0,0,0,0,0,0,0,0,0,-6,-7,-7,-9,-7,-9,-7,-10,-9,-9,-9,-10,-9,-10,-7,-7,-6,-7,-6,-7,-4,-7,-3,-7,-1,-7,0,-6,1,-6,4,-6,4,-6,6,-6,6,-6,6,-6,6,-6,6,-6,6,-4,6,-4,7,-4,6,-4,0,0,7,-3,7,-4,9,-4,7,-4,7,-4,9,-6,9,-7,7,-7,9,-7,6,-7,7,-7,6,-6,6,-4,6,-3,6,0,9,3,9,4,10,4,12,7,15,6,15,7,18,6,18,4,20,3,16,3,15,1,0,0,0,0,0,0,0,0,0,0]"""
165,"CSI_DATA,11833,8c:90:2d:97:93:77,-52,11,0,0,0,0,0,0,0,0,0,-98,0,3,1,136968536,0,83,0,128,0,""[0,0,0,0,0,0,0,0,0,0,0,0,-7,-6,-9,-6,-10,-6,-10,-7,-10,-6,-12,-7,-10,-6,-10,-6,-9,-6,-7,-6,-6,-6,-4,-6,-3,-6,-1,-6,0,-6,3,-7,4,-7,4,-7,4,-7,4,-7,6,-7,6,-6,6,-6,6,-6,7,-4,6,-4,0,0,7,-4,7,-4,7,-4,7,-6,7,-6,7,-7,7,-7,6,-7,7,-7,6,-7,6,-6,4,-4,4,-4,4,-3,6,0,7,1,9,4,10,4,12,6,15,4,16,6,18,4,18,3,20,1,18,1,16,0,0,0,0,0,0,0,0,0,0,0]"""
166,"CSI_DATA,11834,8c:90:2d:97:93:77,-51,11,0,0,0,0,0,0,0,0,0,-98,0,3,1,136978721,0,83,0,128,0,""[0,0,0,0,0,0,0,0,0,0,0,0,-7,-6,-9,-7,-10,-7,-10,-9,-10,-7,-10,-7,-10,-7,-10,-6,-9,-7,-7,-6,-6,-7,-4,-7,-3,-7,-1,-7,1,-6,3,-7,4,-7,4,-7,4,-7,4,-7,6,-7,6,-7,6,-6,6,-6,7,-6,7,-6,0,0,7,-6,7,-6,9,-6,7,-6,7,-6,7,-7,7,-7,6,-9,7,-7,6,-9,6,-7,4,-6,4,-4,6,-3,6,0,9,1,10,3,12,3,13,4,16,3,18,4,20,3,20,1,21,-1,18,0,18,-1,0,0,0,0,0,0,0,0,0,0]"""
167,"CSI_DATA,11835,8c:90:2d:97:93:77,-51,11,0,0,0,0,0,0,0,0,0,-98,0,3,1,136988954,0,83,0,128,0,""[0,0,0,0,0,0,0,0,0,0,0,0,-4,6,-4,7,-4,10,-6,12,-6,10,-4,10,-4,10,-3,10,-4,9,-3,7,-4,6,-6,4,-6,3,-6,0,-6,-1,-9,-3,-9,-3,-9,-4,-9,-6,-9,-6,-9,-6,-9,-6,-7,-6,-9,-6,-7,-7,-7,-6,0,0,-7,-7,-7,-7,-7,-9,-9,-7,-7,-7,-9,-9,-9,-9,-9,-7,-10,-6,-10,-6,-10,-6,-6,-6,-6,-7,-4,-7,-1,-7,0,-10,1,-13,0,-15,1,-16,0,-20,1,-21,0,-21,0,-23,-3,-23,-3,-21,-4,-20,0,0,0,0,0,0,0,0,0,0]"""
168,"CSI_DATA,11836,8c:90:2d:97:93:77,-51,11,0,0,0,0,0,0,0,0,0,-98,0,3,1,136998608,0,83,0,128,0,""[0,0,0,0,0,0,0,0,0,0,0,0,1,-9,1,-10,3,-12,3,-13,3,-13,1,-12,1,-12,0,-12,1,-10,1,-9,1,-7,3,-7,3,-4,4,-3,4,0,7,0,7,0,7,1,9,1,9,3,9,3,9,3,9,3,9,3,9,4,7,3,0,0,7,4,7,4,7,4,9,4,7,4,9,4,9,4,9,3,10,3,10,1,10,3,7,3,6,4,4,6,3,6,3,9,1,12,1,13,1,15,3,18,3,20,3,20,6,20,7,20,6,20,7,16,0,0,0,0,0,0,0,0,0,0]"""
169,"CSI_DATA,11837,8c:90:2d:97:93:77,-51,11,0,0,0,0,0,0,0,0,0,-98,0,3,1,137008607,0,83,0,128,0,""[0,0,0,0,0,0,0,0,0,0,0,0,-8,-1,-10,0,-13,0,-13,0,-13,1,-12,0,-12,1,-10,1,-10,1,-8,0,-8,0,-6,-1,-6,-3,-3,-5,-3,-6,-3,-8,-1,-10,-1,-10,-3,-12,-3,-12,-3,-12,-3,-12,-1,-10,-3,-10,-1,-10,-1,-10,0,0,0,-10,0,-10,0,-12,0,-12,1,-12,0,-13,0,-13,-1,-13,-1,-13,-3,-13,-1,-13,-1,-10,0,-10,1,-10,3,-8,6,-8,8,-10,10,-10,12,-10,12,-13,15,-13,15,-15,15,-17,13,-19,12,-15,10,-15,0,0,0,0,0,0,0,0,0,0]"""
170,"CSI_DATA,11838,8c:90:2d:97:93:77,-51,11,0,0,0,0,0,0,0,0,0,-98,0,3,1,137018627,0,83,0,128,0,""[0,0,0,0,0,0,0,0,0,0,0,0,1,-9,0,-10,0,-12,0,-13,-1,-13,-1,-13,-1,-12,-3,-10,-1,-10,-1,-9,0,-7,1,-6,3,-6,4,-3,4,-1,7,-1,9,-1,9,-1,9,-1,10,-1,10,-1,10,-1,9,-1,9,-1,9,0,7,-1,0,0,7,0,9,0,9,1,9,1,9,1,10,1,12,1,12,0,13,0,12,-1,12,-1,10,0,9,0,9,1,7,4,7,6,7,10,7,10,7,13,10,13,10,16,12,16,13,16,16,15,13,15,13,12,0,0,0,0,0,0,0,0,0,0]"""
171,"CSI_DATA,11839,8c:90:2d:97:93:77,-51,11,0,0,0,0,0,0,0,0,0,-98,0,3,1,137028652,0,83,0,128,0,""[0,0,0,0,0,0,0,0,0,0,0,0,1,-8,1,-10,1,-13,1,-13,0,-13,0,-13,-1,-13,-1,-11,-1,-10,0,-8,1,-7,1,-5,2,-4,4,-2,5,-1,8,0,10,0,10,0,10,0,11,0,10,0,10,0,10,0,8,0,8,1,8,0,0,0,7,2,7,2,7,2,8,2,7,4,8,4,10,4,10,2,13,2,11,1,13,1,10,1,8,2,7,4,5,4,5,7,2,10,4,11,4,14,5,15,5,18,7,18,8,18,10,17,8,17,10,15,0,0,0,0,0,0,0,0,0,0]"""
172,"CSI_DATA,11840,8c:90:2d:97:93:77,-51,11,0,0,0,0,0,0,0,0,0,-98,0,3,1,137039131,0,83,0,128,0,""[0,0,0,0,0,0,0,0,0,0,0,0,-5,5,-7,7,-7,8,-8,10,-7,10,-7,10,-5,10,-4,8,-4,7,-4,5,-5,4,-5,2,-5,0,-7,-2,-7,-4,-8,-5,-10,-5,-11,-5,-11,-7,-11,-7,-11,-5,-11,-5,-10,-4,-10,-4,-8,-5,-8,-4,0,0,-7,-5,-5,-5,-5,-7,-7,-7,-7,-8,-7,-8,-8,-10,-10,-8,-11,-10,-11,-7,-13,-8,-10,-7,-8,-7,-7,-8,-5,-8,-4,-10,-2,-13,-2,-13,-1,-15,-2,-17,-1,-18,-2,-20,-4,-20,-5,-20,-5,-18,-5,-18,0,0,0,0,0,0,0,0,0,0]"""
173,"CSI_DATA,11841,8c:90:2d:97:93:77,-51,11,0,0,0,0,0,0,0,0,0,-98,0,3,1,137048681,0,83,0,128,0,""[0,0,0,0,0,0,0,0,0,0,0,0,-10,0,-11,1,-13,1,-14,1,-13,2,-11,2,-11,4,-10,4,-10,2,-8,1,-7,0,-7,-1,-5,-4,-4,-5,-4,-8,-4,-10,-4,-11,-4,-11,-5,-13,-5,-13,-5,-13,-5,-13,-5,-10,-5,-10,-4,-10,-2,-8,0,0,-1,-8,0,-8,1,-8,0,-10,1,-10,1,-13,0,-13,-1,-13,-2,-14,-4,-14,-4,-14,-2,-11,-1,-11,-1,-11,0,-10,2,-10,5,-10,5,-11,8,-11,8,-13,11,-14,11,-14,10,-15,10,-17,8,-15,7,-15,0,0,0,0,0,0,0,0,0,0]"""
174,"CSI_DATA,11842,8c:90:2d:97:93:77,-51,11,0,0,0,0,0,0,0,0,0,-98,0,3,1,137058587,0,83,0,128,0,""[0,0,0,0,0,0,0,0,0,0,0,0,-8,-6,-10,-6,-13,-6,-13,-8,-13,-6,-11,-5,-11,-5,-11,-3,-10,-3,-8,-3,-6,-5,-5,-6,-3,-6,0,-8,1,-8,3,-11,3,-11,3,-11,3,-13,1,-13,1,-15,1,-13,1,-11,1,-11,3,-10,1,-8,0,0,3,-6,5,-6,6,-6,5,-8,6,-8,6,-10,8,-11,6,-11,6,-13,3,-13,5,-13,3,-11,5,-10,5,-10,5,-8,8,-6,10,-5,10,-5,11,-5,13,-6,15,-5,16,-6,18,-8,18,-10,15,-8,13,-8,0,0,0,0,0,0,0,0,0,0]"""
175,"CSI_DATA,11843,8c:90:2d:97:93:77,-51,11,0,0,0,0,0,0,0,0,0,-98,0,3,1,137068619,0,83,0,128,0,""[0,0,0,0,0,0,0,0,0,0,0,0,-10,3,-10,3,-13,5,-13,5,-13,6,-11,6,-11,6,-10,6,-8,5,-8,3,-8,1,-8,0,-6,-3,-6,-5,-6,-6,-6,-10,-8,-10,-8,-10,-8,-11,-8,-11,-8,-11,-8,-11,-6,-8,-6,-10,-5,-10,-5,-8,0,0,-3,-8,-1,-10,-1,-10,-3,-11,-1,-11,-1,-13,-1,-13,-5,-13,-5,-13,-8,-13,-6,-13,-5,-11,-5,-11,-3,-10,-1,-8,0,-10,3,-11,3,-11,5,-13,5,-16,6,-16,8,-16,6,-18,5,-20,5,-18,3,-18,0,0,0,0,0,0,0,0,0,0]"""
176,"CSI_DATA,11844,8c:90:2d:97:93:77,-51,11,0,0,0,0,0,0,0,0,0,-98,0,3,1,137079560,0,83,0,128,0,""[0,0,0,0,0,0,0,0,0,0,0,0,1,8,2,8,4,10,5,11,5,11,5,10,5,10,5,8,4,7,2,5,1,5,0,5,-2,4,-4,4,-7,4,-10,4,-10,4,-11,5,-11,5,-11,5,-11,5,-11,5,-10,4,-8,4,-10,2,-8,2,0,0,-8,1,-10,0,-10,0,-11,0,-11,0,-13,0,-13,1,-13,2,-13,1,-13,4,-13,2,-10,2,-10,1,-10,0,-8,-1,-10,-4,-10,-7,-11,-7,-11,-10,-14,-8,-15,-11,-17,-10,-18,-10,-20,-7,-17,-8,-17,-7,0,0,0,0,0,0,0,0,0,0]"""
177,"CSI_DATA,11845,8c:90:2d:97:93:77,-53,11,1,0,1,0,1,0,1,0,0,-98,0,3,1,137088965,0,83,1,128,0,""[0,0,0,0,0,0,0,0,0,0,0,0,4,-3,5,-4,6,-5,6,-5,6,-6,5,-5,5,-5,4,-5,4,-4,3,-3,3,-2,2,0,2,0,2,1,2,2,2,4,2,5,2,5,3,6,3,6,3,6,3,6,2,5,2,4,1,5,1,4,0,0,0,4,0,4,0,5,0,5,0,6,0,6,0,7,0,7,0,7,0,6,0,6,0,5,0,5,0,4,-2,3,-3,3,-5,3,-6,3,-7,4,-8,6,-8,6,-9,7,-8,8,-8,8,-8,8,-6,8,0,0,0,0,0,0,0,0,0,0]"""
178,"CSI_DATA,11846,8c:90:2d:97:93:77,-53,11,1,0,1,0,1,0,1,0,0,-98,0,3,1,137098588,0,83,1,128,0,""[0,0,0,0,0,0,0,0,0,0,0,0,3,4,4,4,5,5,5,5,6,5,6,4,5,4,5,3,4,3,3,2,1,2,0,2,0,2,-2,2,-3,2,-5,3,-5,3,-6,3,-6,3,-6,3,-6,3,-6,3,-5,3,-5,2,-5,1,-5,1,0,0,-5,0,-5,0,-6,0,-6,0,-6,0,-7,0,-7,0,-7,0,-8,0,-7,1,-7,0,-6,0,-5,0,-4,-1,-4,-2,-4,-4,-4,-6,-5,-7,-5,-8,-7,-9,-7,-10,-8,-10,-9,-10,-10,-9,-10,-8,-10,-7,0,0,0,0,0,0,0,0,0,0]"""
179,"CSI_DATA,11847,8c:90:2d:97:93:77,-54,11,1,0,1,0,1,0,1,0,0,-98,0,3,1,137108664,0,83,1,128,0,""[0,0,0,0,0,0,0,0,0,0,0,0,0,-6,0,-7,0,-8,0,-8,0,-8,0,-8,0,-7,0,-7,0,-6,0,-5,0,-3,1,-2,2,0,2,0,3,1,3,2,4,2,4,3,6,3,5,3,5,3,5,3,4,2,4,2,3,2,2,2,0,0,1,3,1,3,0,4,1,4,0,5,1,5,1,6,2,5,2,5,2,5,2,4,1,4,0,4,0,3,-1,3,-3,3,-5,4,-6,4,-7,5,-8,6,-8,7,-8,8,-8,8,-8,9,-7,8,-5,8,0,0,0,0,0,0,0,0,0,0]"""
180,"CSI_DATA,11848,8c:90:2d:97:93:77,-54,11,1,0,1,0,1,0,1,0,0,-98,0,3,1,137118647,0,83,1,128,0,""[0,0,0,0,0,0,0,0,0,0,0,0,3,-3,4,-4,4,-5,4,-5,4,-5,4,-5,3,-5,3,-4,2,-3,2,-3,1,-1,1,0,1,0,1,1,0,2,0,3,0,4,1,5,1,5,1,5,1,5,1,4,0,4,0,3,0,3,0,3,0,0,0,3,0,3,0,3,-1,3,-1,4,-1,5,-1,5,0,5,-1,5,0,5,-1,5,0,4,-1,3,-2,2,-3,1,-4,0,-6,0,-7,0,-9,0,-10,0,-11,0,-11,1,-11,2,-11,3,-11,2,-10,3,0,0,0,0,0,0,0,0,0,0]"""
181,"CSI_DATA,11849,8c:90:2d:97:93:77,-54,11,1,0,1,0,1,0,1,0,0,-98,0,3,1,137128772,0,83,1,128,0,""[0,0,0,0,0,0,0,0,0,0,0,0,-5,2,-5,3,-6,4,-6,4,-6,4,-5,4,-5,4,-4,3,-4,2,-3,1,-2,0,-2,0,-2,-1,-2,-2,-1,-4,-1,-6,-1,-6,-1,-6,-2,-6,-2,-6,-2,-6,-2,-6,-1,-5,-1,-5,-1,-4,0,-4,0,0,0,-4,0,-4,0,-5,0,-4,0,-5,0,-6,0,-7,0,-7,0,-7,0,-6,0,-6,0,-5,0,-4,0,-4,2,-2,3,-2,5,-1,6,-1,8,-1,9,-1,11,-1,12,-2,12,-3,12,-5,11,-4,10,-4,0,0,0,0,0,0,0,0,0,0]"""
182,"CSI_DATA,11850,8c:90:2d:97:93:77,-54,11,1,0,1,0,1,0,1,0,0,-98,0,3,1,137138857,0,83,1,128,0,""[0,0,0,0,0,0,0,0,0,0,0,0,4,-3,4,-4,5,-5,5,-5,5,-5,5,-4,4,-4,3,-4,3,-3,2,-2,2,0,1,0,1,0,1,2,1,3,0,4,0,5,1,5,1,5,1,5,1,5,1,5,0,4,0,3,0,3,0,3,0,0,-1,3,-1,3,-1,4,-2,4,-2,5,-1,5,-1,6,-1,6,0,6,0,6,0,6,0,5,0,4,-1,3,-3,1,-4,1,-6,0,-7,0,-9,0,-11,0,-11,0,-13,1,-13,2,-13,3,-12,3,-11,3,0,0,0,0,0,0,0,0,0,0]"""
183,"CSI_DATA,11851,8c:90:2d:97:93:77,-54,11,1,0,1,0,1,0,1,0,0,-98,0,3,1,137148567,0,83,1,128,0,""[0,0,0,0,0,0,0,0,0,0,0,0,4,-2,4,-3,5,-4,5,-4,5,-4,5,-4,4,-3,3,-3,3,-2,2,-2,2,0,2,0,1,0,1,2,0,3,0,4,0,5,0,5,1,5,1,5,1,5,1,4,0,4,0,3,0,3,0,3,0,0,-1,3,-2,3,-2,3,-2,4,-2,5,-2,5,-2,6,-1,6,-1,6,-1,6,-1,6,0,5,-1,4,-1,3,-3,1,-4,0,-6,0,-7,0,-9,0,-11,0,-11,0,-12,0,-13,0,-14,1,-13,1,-12,1,0,0,0,0,0,0,0,0,0,0]"""
184,"CSI_DATA,11852,8c:90:2d:97:93:77,-54,11,1,0,1,0,1,0,1,0,0,-98,0,3,1,137158607,0,83,1,128,0,""[0,0,0,0,0,0,0,0,0,0,0,0,-5,-1,-6,-1,-7,-1,-7,-1,-7,0,-7,0,-6,0,-6,0,-4,0,-3,-1,-2,-1,-1,-2,0,-3,0,-3,0,-4,1,-5,1,-6,1,-6,1,-6,1,-5,1,-5,1,-5,0,-5,1,-4,2,-3,1,-2,0,0,2,-1,3,-1,4,-1,5,-2,5,-2,6,-2,6,-3,6,-4,7,-4,6,-5,6,-4,4,-3,4,-2,3,-1,3,0,3,1,3,3,4,5,4,7,6,8,7,8,8,8,8,9,9,8,8,8,8,8,0,0,0,0,0,0,0,0,0,0]"""
185,"CSI_DATA,11853,8c:90:2d:97:93:77,-53,11,1,0,1,0,1,0,1,0,0,-98,0,3,1,137168707,0,83,1,128,0,""[0,0,0,0,0,0,0,0,0,0,0,0,-3,-3,-4,-4,-5,-4,-5,-5,-5,-5,-5,-4,-4,-4,-4,-3,-3,-3,-2,-2,-1,-3,0,-3,0,-2,1,-2,2,-3,3,-3,4,-3,4,-3,4,-3,4,-3,4,-3,3,-3,3,-2,3,-1,3,0,2,0,0,0,3,0,3,1,4,1,5,1,6,1,6,1,7,1,7,1,8,0,8,0,8,0,6,0,5,0,3,1,1,1,0,3,0,5,0,7,-1,8,0,9,-1,11,-1,12,0,12,0,13,0,13,0,12,0,0,0,0,0,0,0,0,0,0]"""
186,"CSI_DATA,11854,8c:90:2d:97:93:77,-52,11,1,0,1,0,1,0,1,0,0,-98,0,3,1,137182058,0,83,1,128,0,""[0,0,0,0,0,0,0,0,0,0,0,0,3,3,4,4,4,4,4,5,4,4,4,4,4,4,4,3,3,3,2,3,1,3,0,3,-2,3,-3,3,-4,3,-5,4,-5,4,-5,4,-5,4,-5,4,-5,4,-5,4,-4,3,-4,2,-4,1,-4,1,0,0,-5,-1,-6,-2,-7,-2,-8,-2,-8,-2,-9,-2,-10,-1,-10,0,-11,0,-10,1,-10,1,-8,0,-7,0,-6,-1,-5,-2,-4,-4,-3,-7,-3,-8,-3,-11,-3,-12,-4,-14,-4,-14,-5,-15,-6,-15,-6,-15,-7,-14,0,0,0,0,0,0,0,0,0,0]"""
187,"CSI_DATA,11855,8c:90:2d:97:93:77,-51,11,0,0,0,0,0,0,0,0,0,-98,0,3,1,137189020,0,83,0,128,0,""[0,0,0,0,0,0,0,0,0,0,0,0,6,3,7,3,7,4,7,4,9,4,9,3,7,3,6,3,6,3,4,3,1,3,1,4,-1,4,-3,6,-4,6,-6,7,-6,9,-6,7,-6,9,-6,7,-6,7,-6,7,-4,6,-4,4,-6,3,-6,3,0,0,-9,0,-9,0,-12,0,-13,0,-13,0,-15,1,-16,3,-15,4,-16,4,-15,6,-15,6,-12,4,-10,3,-9,0,-7,-1,-7,-4,-7,-9,-9,-12,-9,-15,-12,-16,-12,-20,-12,-20,-15,-20,-18,-20,-15,-20,-16,-16,0,0,0,0,0,0,0,0,0,0]"""
188,"CSI_DATA,11856,8c:90:2d:97:93:77,-51,11,0,0,0,0,0,0,0,0,0,-98,0,3,1,137198666,0,83,0,128,0,""[0,0,0,0,0,0,0,0,0,0,0,0,0,-9,0,-9,-1,-12,0,-12,-1,-12,-1,-10,-1,-10,-1,-9,0,-7,0,-7,1,-6,3,-4,4,-3,6,-1,7,0,9,0,9,-1,9,0,10,0,10,0,9,0,9,0,6,0,7,0,6,1,4,1,0,0,4,4,4,7,4,9,6,9,6,10,9,12,9,12,10,10,12,9,12,7,12,7,9,7,7,7,4,6,1,6,-1,7,-4,10,-6,12,-9,13,-7,16,-10,18,-10,20,-10,21,-9,23,-7,21,-6,20,0,0,0,0,0,0,0,0,0,0]"""
189,"CSI_DATA,11857,8c:90:2d:97:93:77,-51,11,0,0,0,0,0,0,0,0,0,-98,0,3,1,137208584,0,83,0,128,0,""[0,0,0,0,0,0,0,0,0,0,0,0,-8,-4,-8,-2,-10,-4,-11,-4,-11,-2,-11,-2,-10,-2,-8,-1,-7,-2,-5,-2,-4,-4,-2,-5,-1,-5,0,-7,1,-7,1,-10,1,-10,2,-10,1,-10,1,-10,1,-10,1,-10,1,-8,1,-7,2,-7,2,-5,0,0,5,-4,7,-4,8,-5,10,-5,10,-5,11,-7,11,-8,11,-10,11,-10,10,-11,10,-10,7,-8,7,-7,7,-4,7,-1,8,0,8,4,10,5,11,8,14,8,16,10,19,10,20,8,22,7,19,7,19,5,0,0,0,0,0,0,0,0,0,0]"""
190,"CSI_DATA,11858,8c:90:2d:97:93:77,-51,11,0,0,0,0,0,0,0,0,0,-98,0,3,1,137218624,0,83,0,128,0,""[0,0,0,0,0,0,0,0,0,0,0,0,0,7,1,8,1,10,1,10,1,10,2,8,2,8,2,7,1,7,0,5,-1,4,-2,4,-4,2,-5,1,-7,1,-10,1,-10,1,-10,1,-11,1,-11,1,-11,1,-10,1,-8,1,-8,0,-8,-1,-7,-1,0,0,-8,-2,-8,-4,-8,-5,-10,-5,-10,-7,-13,-7,-13,-7,-13,-5,-14,-5,-14,-2,-14,-4,-11,-4,-10,-5,-7,-5,-5,-7,-4,-10,-1,-13,-2,-14,-1,-15,-2,-18,-1,-21,-1,-21,-4,-21,-5,-23,-4,-21,-7,-20,0,0,0,0,0,0,0,0,0,0]"""
191,"CSI_DATA,11859,8c:90:2d:97:93:77,-52,11,0,0,0,0,0,0,0,0,0,-98,0,3,1,137228706,0,83,0,128,0,""[0,0,0,0,0,0,0,0,0,0,0,0,4,-7,4,-8,4,-10,5,-11,4,-11,2,-10,2,-10,1,-8,2,-7,2,-5,2,-4,4,-2,4,-1,4,1,5,2,7,2,7,2,7,4,8,4,8,4,8,4,8,4,5,2,5,4,5,4,4,4,0,0,2,5,4,5,2,7,4,7,4,8,5,10,5,10,7,8,7,8,8,7,7,7,4,7,4,7,2,7,0,7,-1,8,-5,10,-4,11,-7,13,-5,15,-7,17,-7,18,-7,18,-5,20,-4,17,-2,17,0,0,0,0,0,0,0,0,0,0]"""
192,"CSI_DATA,11860,8c:90:2d:97:93:77,-52,11,0,0,0,0,0,0,0,0,0,-98,0,3,1,137238831,0,83,0,128,0,""[0,0,0,0,0,0,0,0,0,0,0,0,-4,4,-4,6,-6,9,-6,9,-6,9,-4,8,-4,8,-3,6,-4,6,-3,4,-4,3,-4,1,-6,0,-6,-3,-6,-4,-8,-4,-8,-4,-8,-6,-9,-6,-8,-6,-9,-6,-9,-6,-6,-4,-8,-6,-6,-6,-6,-6,0,0,-4,-6,-4,-6,-4,-8,-6,-8,-4,-8,-6,-9,-6,-9,-6,-9,-8,-9,-8,-8,-8,-9,-4,-8,-3,-8,-3,-8,0,-8,1,-9,4,-11,3,-13,4,-14,3,-16,4,-17,4,-17,4,-19,3,-21,1,-17,0,-17,0,0,0,0,0,0,0,0,0,0]"""
193,"CSI_DATA,11861,8c:90:2d:97:93:77,-52,11,0,0,0,0,0,0,0,0,0,-98,0,3,1,137248855,0,83,0,128,0,""[0,0,0,0,0,0,0,0,0,0,0,0,-5,5,-5,7,-5,8,-7,10,-5,8,-5,8,-5,8,-4,7,-4,5,-2,4,-4,2,-4,1,-5,0,-5,-2,-5,-4,-5,-5,-7,-5,-7,-5,-8,-7,-8,-7,-7,-7,-8,-7,-5,-5,-7,-5,-5,-7,-5,-5,0,0,-4,-5,-4,-7,-4,-7,-5,-7,-4,-8,-5,-10,-5,-10,-5,-8,-7,-8,-7,-7,-5,-7,-4,-7,-2,-8,-1,-8,0,-7,1,-8,4,-10,4,-11,5,-13,4,-16,5,-16,5,-17,4,-17,4,-19,2,-17,1,-16,0,0,0,0,0,0,0,0,0,0]"""
194,"CSI_DATA,11862,8c:90:2d:97:93:77,-53,11,0,0,0,0,0,0,0,0,0,-98,0,3,1,137258876,0,83,0,128,0,""[0,0,0,0,0,0,0,0,0,0,0,0,-8,2,-8,2,-10,4,-11,4,-10,4,-10,2,-10,4,-8,2,-7,2,-7,1,-5,0,-4,-1,-4,-2,-2,-4,-2,-5,-1,-8,-1,-8,-1,-8,-2,-10,-2,-10,-1,-10,-1,-8,-1,-8,-1,-8,0,-7,0,-7,0,0,0,-7,1,-7,1,-7,0,-7,1,-8,1,-8,1,-10,0,-10,0,-8,0,-8,0,-8,0,-7,1,-7,2,-5,4,-4,7,-4,10,-2,10,-4,13,-4,13,-5,14,-5,15,-8,15,-8,15,-11,14,-8,11,-8,0,0,0,0,0,0,0,0,0,0]"""
195,"CSI_DATA,11863,8c:90:2d:97:93:77,-53,11,0,0,0,0,0,0,0,0,0,-98,0,3,1,137268764,0,83,0,128,0,""[0,0,0,0,0,0,0,0,0,0,0,0,7,-1,8,-2,8,-2,9,-2,9,-4,8,-2,8,-2,7,-4,7,-2,5,-1,5,0,4,0,2,2,1,4,0,4,-1,7,-1,7,-2,7,-1,8,-1,8,-1,8,-1,8,-2,7,-1,7,-2,7,-1,5,0,0,-2,5,-2,5,-2,5,-2,5,-2,5,-2,7,-2,7,-1,7,-2,7,-1,7,-2,5,-2,5,-4,4,-4,4,-5,2,-8,2,-11,1,-11,2,-12,2,-14,4,-15,4,-16,5,-16,7,-16,8,-15,7,-12,7,0,0,0,0,0,0,0,0,0,0]"""
196,"CSI_DATA,11864,8c:90:2d:97:93:77,-53,11,0,0,0,0,0,0,0,0,0,-98,0,3,1,137278831,0,83,0,128,0,""[0,0,0,0,0,0,0,0,0,0,0,0,5,-2,7,-4,8,-5,10,-5,8,-5,8,-5,8,-5,7,-5,5,-4,5,-4,4,-1,4,-1,2,1,2,2,1,4,0,5,0,7,0,7,1,7,0,7,0,8,0,7,0,7,0,7,-1,7,0,7,0,0,-1,5,-1,5,-1,7,0,5,-1,7,0,7,0,7,0,7,0,7,1,5,0,5,-1,5,-1,5,-2,4,-5,4,-7,4,-10,4,-10,5,-11,5,-11,8,-14,8,-14,10,-14,11,-14,13,-11,10,-10,10,0,0,0,0,0,0,0,0,0,0]"""
197,"CSI_DATA,11865,8c:90:2d:97:93:77,-53,11,0,0,0,0,0,0,0,0,0,-98,0,3,1,137289060,0,83,0,128,0,""[0,0,0,0,0,0,0,0,0,0,0,0,2,-5,2,-7,2,-10,4,-10,2,-10,2,-10,2,-10,1,-8,1,-7,1,-7,2,-5,2,-4,2,-2,4,0,2,1,4,2,4,2,5,4,5,4,5,5,5,5,5,5,4,4,5,4,4,5,4,4,0,0,4,4,4,4,4,4,4,4,4,4,4,4,5,4,5,4,5,2,7,2,5,4,2,4,2,4,1,4,0,5,-1,7,-2,8,-2,10,-2,11,-2,13,-2,15,-2,15,-1,17,0,17,0,15,1,14,0,0,0,0,0,0,0,0,0,0]"""
198,"CSI_DATA,11866,8c:90:2d:97:93:77,-54,11,0,0,0,0,0,0,0,0,0,-98,0,3,1,137299236,0,83,0,128,0,""[0,0,0,0,0,0,0,0,0,0,0,0,5,1,7,1,8,0,8,1,8,0,8,0,8,1,7,0,7,0,5,0,5,1,2,1,2,2,0,2,0,4,-2,5,-2,5,-4,5,-4,5,-4,5,-4,5,-5,5,-5,5,-4,5,-5,5,-5,5,0,0,-4,5,-5,5,-4,5,-4,5,-4,5,-4,5,-4,7,-4,7,-4,7,-2,7,-4,5,-4,4,-4,4,-5,2,-7,1,-8,0,-10,-1,-11,-1,-13,-1,-14,0,-17,-1,-18,0,-18,1,-18,2,-17,2,-15,2,0,0,0,0,0,0,0,0,0,0]"""
199,"CSI_DATA,11867,8c:90:2d:97:93:77,-53,11,0,0,0,0,0,0,0,0,0,-98,0,3,1,137308586,0,83,0,128,0,""[0,0,0,0,0,0,0,0,0,0,0,0,0,5,0,7,0,8,-1,10,0,8,1,8,1,8,1,7,0,7,0,5,-1,5,-1,4,-2,2,-4,1,-4,0,-5,0,-7,0,-7,-1,-8,-2,-8,-2,-10,-2,-8,-2,-8,-1,-8,-2,-8,-4,-8,-2,0,0,-8,-2,-7,-2,-8,-2,-8,-2,-8,-2,-8,-2,-8,-2,-8,-1,-10,-1,-8,-1,-10,-1,-7,-2,-5,-2,-5,-5,-4,-5,-4,-8,-2,-11,-4,-11,-4,-14,-5,-14,-5,-15,-5,-15,-7,-15,-8,-15,-8,-15,-8,-14,0,0,0,0,0,0,0,0,0,0]"""
200,"CSI_DATA,11868,8c:90:2d:97:93:77,-54,11,0,0,0,0,0,0,0,0,0,-98,0,3,1,137318658,0,83,0,128,0,""[0,0,0,0,0,0,0,0,0,0,0,0,4,2,5,4,6,4,8,5,8,4,8,4,8,4,6,2,6,2,5,1,5,2,2,2,1,2,0,2,-1,2,-4,4,-5,4,-5,4,-5,5,-5,5,-5,5,-6,5,-5,5,-5,5,-6,5,-6,5,0,0,-5,5,-5,5,-6,5,-5,5,-6,5,-6,6,-6,6,-5,6,-6,5,-5,6,-6,5,-5,4,-5,2,-6,2,-6,0,-9,-1,-10,-2,-12,-2,-13,-2,-15,-1,-16,-2,-17,-1,-17,0,-19,1,-16,0,-15,1,0,0,0,0,0,0,0,0,0,0]"""
201,"CSI_DATA,11869,8c:90:2d:97:93:77,-53,11,0,0,0,0,0,0,0,0,0,-98,0,3,1,137328731,0,83,0,128,0,""[0,0,0,0,0,0,0,0,0,0,0,0,-5,-5,-6,-5,-9,-5,-9,-6,-10,-5,-9,-3,-9,-3,-9,-2,-7,-2,-7,-2,-6,-3,-5,-3,-3,-3,-1,-3,0,-5,1,-6,2,-6,2,-6,3,-7,3,-7,3,-9,3,-9,2,-7,2,-9,2,-7,1,-6,0,0,2,-5,3,-9,3,-9,2,-6,5,-5,2,-9,5,-7,2,-9,3,-9,1,-9,2,-9,2,-6,3,-5,3,-5,6,-5,7,-5,10,0,11,0,10,-6,15,-2,10,-6,19,-3,9,-6,9,-6,7,-3,7,-3,0,0,0,0,0,0,0,0,0,0]"""
202,"CSI_DATA,11870,8c:90:2d:97:93:77,-53,11,0,0,0,0,0,0,0,0,0,-98,0,3,1,137338802,0,83,0,128,0,""[0,0,0,0,0,0,0,0,0,0,0,0,3,-5,5,-6,5,-7,6,-9,5,-9,3,-9,3,-10,2,-9,2,-7,2,-6,2,-6,3,-5,3,-2,3,-1,3,1,5,2,6,3,6,3,6,5,6,5,7,5,7,5,6,3,6,5,6,5,6,3,0,0,6,3,6,3,5,3,6,3,5,3,5,3,6,5,6,3,6,3,6,3,6,5,5,3,3,5,3,6,2,6,2,9,1,10,2,11,1,12,3,12,2,14,3,14,5,12,6,12,5,12,5,10,0,0,0,0,0,0,0,0,0,0]"""
203,"CSI_DATA,11871,8c:90:2d:97:93:77,-53,11,0,0,0,0,0,0,0,0,0,-98,0,3,1,137348606,0,83,0,128,0,""[0,0,0,0,0,0,0,0,0,0,0,0,-7,-1,-8,0,-11,1,-11,0,-11,1,-10,1,-10,2,-8,2,-8,1,-7,1,-7,0,-5,0,-4,-2,-2,-4,-2,-5,-1,-7,-1,-8,-1,-8,-1,-10,-1,-11,-2,-11,-2,-11,-1,-10,-2,-10,-2,-10,-2,-8,0,0,-1,-8,-1,-8,-1,-8,-1,-8,0,-7,0,-8,0,-8,0,-8,-1,-8,-1,-8,-1,-8,0,-8,1,-8,1,-8,2,-7,4,-8,5,-10,5,-10,5,-10,5,-11,7,-11,7,-13,7,-13,5,-14,4,-11,4,-11,0,0,0,0,0,0,0,0,0,0]"""
204,"CSI_DATA,11872,8c:90:2d:97:93:77,-53,11,0,0,0,0,0,0,0,0,0,-98,0,3,1,137359076,0,83,0,128,0,""[0,0,0,0,0,0,0,0,0,0,0,0,1,6,1,7,2,8,2,10,3,10,3,8,5,8,3,7,3,6,2,6,1,5,0,5,-1,3,-3,2,-5,1,-7,1,-8,1,-10,1,-10,2,-11,2,-11,2,-11,2,-11,2,-10,3,-10,2,-8,2,0,0,-7,2,-7,2,-7,1,-7,1,-7,1,-7,1,-7,0,-7,1,-7,0,-8,1,-8,0,-7,0,-8,-1,-8,-2,-8,-3,-10,-3,-11,-6,-11,-5,-12,-5,-13,-5,-12,-6,-15,-5,-15,-3,-15,-2,-12,-3,-11,-2,0,0,0,0,0,0,0,0,0,0]"""
205,"CSI_DATA,11873,8c:90:2d:97:93:77,-53,11,0,0,0,0,0,0,0,0,0,-98,0,3,1,137368664,0,83,0,128,0,""[0,0,0,0,0,0,0,0,0,0,0,0,-3,6,-2,7,-3,10,-3,10,-2,11,-2,10,-2,10,-1,9,-1,7,-1,6,-2,5,-2,3,-3,1,-5,0,-5,-2,-7,-3,-9,-3,-9,-5,-10,-5,-10,-6,-10,-5,-11,-5,-10,-5,-10,-5,-10,-5,-9,-3,0,0,-7,-3,-6,-2,-6,-3,-6,-2,-5,-3,-5,-3,-5,-3,-5,-3,-6,-5,-6,-5,-6,-5,-5,-5,-3,-6,-3,-7,-3,-7,-3,-9,-3,-11,-5,-11,-5,-11,-6,-12,-6,-12,-7,-11,-7,-12,-9,-10,-7,-10,-6,-9,0,0,0,0,0,0,0,0,0,0]"""
206,"CSI_DATA,11874,8c:90:2d:97:93:77,-53,11,0,0,0,0,0,0,0,0,0,-98,0,3,1,137378708,0,83,0,128,0,""[0,0,0,0,0,0,0,0,0,0,0,0,0,-7,0,-9,0,-11,1,-12,0,-12,0,-12,-1,-11,-1,-10,-1,-9,0,-7,1,-6,1,-5,2,-3,3,-1,5,1,6,1,7,2,9,2,9,3,10,3,10,5,10,3,9,2,10,3,9,3,7,2,0,0,6,2,5,1,5,2,5,1,3,1,2,2,3,2,3,2,3,2,3,2,3,3,2,3,2,5,2,6,2,6,2,7,2,10,3,10,3,11,5,11,5,11,5,11,6,10,7,10,6,10,5,9,0,0,0,0,0,0,0,0,0,0]"""
207,"CSI_DATA,11875,8c:90:2d:97:93:77,-53,11,0,0,0,0,0,0,0,0,0,-98,0,3,1,137388975,0,83,0,128,0,""[0,0,0,0,0,0,0,0,0,0,0,0,-2,-9,-4,-9,-5,-10,-5,-12,-6,-12,-5,-12,-6,-12,-6,-9,-5,-9,-4,-8,-2,-8,-1,-6,1,-5,2,-4,4,-2,8,-2,9,-2,9,-2,10,-2,10,-2,12,-2,12,-2,10,-2,10,-2,10,-1,9,-4,0,0,6,-2,6,-2,5,-2,5,-2,4,-1,4,-1,4,-1,4,-1,4,0,5,-1,5,0,4,0,5,1,6,1,6,4,9,4,9,5,10,4,10,5,13,4,13,5,13,4,14,2,14,1,12,2,10,2,0,0,0,0,0,0,0,0,0,0]"""
208,"CSI_DATA,11876,8c:90:2d:97:93:77,-52,11,0,0,0,0,0,0,0,0,0,-98,0,3,1,137398726,0,83,0,128,0,""[0,0,0,0,0,0,0,0,0,0,0,0,-4,-7,-4,-9,-6,-11,-6,-11,-7,-11,-7,-11,-7,-11,-7,-9,-7,-9,-6,-7,-4,-7,-3,-6,0,-6,1,-4,3,-3,7,-4,7,-3,9,-3,9,-4,11,-4,11,-4,11,-4,11,-4,9,-4,11,-4,9,-4,0,0,6,-4,6,-4,4,-3,4,-3,3,-3,3,-3,3,-3,3,-3,4,-1,4,-3,4,-1,4,-1,4,0,6,0,7,1,9,1,9,3,11,1,12,3,14,1,14,1,15,1,15,0,15,-1,12,0,11,0,0,0,0,0,0,0,0,0,0,0]"""
209,"CSI_DATA,11877,8c:90:2d:97:93:77,-52,11,0,0,0,0,0,0,0,0,0,-98,0,3,1,137408666,0,83,0,128,0,""[0,0,0,0,0,0,0,0,0,0,0,0,4,-7,5,-8,7,-9,8,-11,7,-11,5,-11,5,-11,4,-9,4,-9,4,-8,4,-7,4,-5,4,-2,2,0,4,1,5,4,5,5,5,7,7,8,7,8,7,9,8,8,7,8,8,8,7,8,7,5,0,0,5,4,5,4,4,2,4,2,2,2,2,2,2,2,2,2,4,2,2,2,2,4,1,4,1,5,1,7,0,7,1,9,0,11,2,11,1,12,4,12,2,14,2,14,4,14,5,14,4,12,4,11,0,0,0,0,0,0,0,0,0,0]"""
210,"CSI_DATA,11878,8c:90:2d:97:93:77,-53,11,0,0,0,0,0,0,0,0,0,-98,0,3,1,137418688,0,83,0,128,0,""[0,0,0,0,0,0,0,0,0,0,0,0,6,-4,8,-4,9,-6,10,-6,9,-6,9,-6,9,-6,6,-6,6,-6,5,-5,5,-4,4,-2,4,0,2,1,1,4,1,6,1,8,1,8,1,10,2,10,2,12,2,12,1,9,2,10,2,10,2,9,0,0,2,8,1,6,1,5,1,5,0,4,0,5,0,5,0,4,0,4,0,4,0,5,-1,5,-2,6,-2,6,-4,5,-5,8,-6,8,-6,9,-6,10,-6,10,-8,12,-8,12,-6,12,-6,12,-6,10,-5,9,0,0,0,0,0,0,0,0,0,0]"""
211,"CSI_DATA,11879,8c:90:2d:97:93:77,-52,11,0,0,0,0,0,0,0,0,0,-98,0,3,1,137428618,0,83,0,128,0,""[0,0,0,0,0,0,0,0,0,0,0,0,-8,1,-9,2,-12,2,-13,4,-12,4,-10,5,-10,5,-9,5,-8,4,-8,4,-6,2,-5,1,-5,-1,-4,-2,-2,-5,-2,-8,-2,-9,-2,-9,-2,-12,-2,-13,-4,-13,-4,-13,-4,-12,-5,-12,-4,-12,-5,-10,0,0,-4,-9,-4,-8,-2,-8,-4,-6,-2,-6,-1,-6,-1,-6,-1,-6,-1,-6,-1,-8,-1,-8,0,-8,1,-9,1,-9,2,-9,4,-10,5,-10,4,-12,5,-12,4,-13,5,-13,5,-13,4,-13,4,-13,4,-12,2,-12,0,0,0,0,0,0,0,0,0,0]"""
212,"CSI_DATA,11880,8c:90:2d:97:93:77,-52,11,0,0,0,0,0,0,0,0,0,-98,0,3,1,137438797,0,83,0,128,0,""[0,0,0,0,0,0,0,0,0,0,0,0,-4,-8,-5,-8,-8,-9,-9,-10,-9,-10,-9,-9,-9,-8,-9,-6,-9,-6,-8,-5,-6,-5,-5,-5,-2,-5,0,-4,2,-5,5,-5,6,-5,8,-6,8,-8,9,-9,9,-9,9,-10,9,-9,8,-10,8,-10,6,-10,0,0,5,-8,4,-8,4,-6,4,-6,4,-5,5,-5,6,-5,6,-4,6,-4,6,-5,8,-4,8,-4,9,-4,9,-4,9,-2,10,-2,12,-2,12,-4,12,-2,12,-4,13,-2,13,-2,12,-4,13,-4,10,-2,9,-2,0,0,0,0,0,0,0,0,0,0]"""
