Activity,Filename,SessionID,ModifiedTime
Empty,Empty_001.csv,session_001,2026-07-28 08:33:53
Empty,Empty_002.csv,session_001,2026-07-28 08:34:08
Empty,Empty_003.csv,session_001,2026-07-28 08:34:23
Empty,Empty_004.csv,session_001,2026-07-28 08:34:38
Empty,Empty_005.csv,session_001,2026-07-28 08:34:53
Empty,Empty_006.csv,session_001,2026-07-28 08:35:08
Empty,Empty_007.csv,session_001,2026-07-28 08:35:23
Empty,Empty_008.csv,session_001,2026-07-28 08:35:38
Empty,Empty_009.csv,session_001,2026-07-28 08:35:54
Empty,Empty_010.csv,session_001,2026-07-28 08:36:09
Empty,Empty_011.csv,session_001,2026-07-28 08:36:24
Empty,Empty_012.csv,session_001,2026-07-28 08:36:39
Empty,Empty_013.csv,session_001,2026-07-28 08:36:54
Empty,Empty_014.csv,session_001,2026-07-28 08:37:09
Empty,Empty_015.csv,session_001,2026-07-28 08:37:24
Empty,Empty_016.csv,session_001,2026-07-28 08:37:39
Empty,Empty_017.csv,session_001,2026-07-28 08:37:54
Empty,Empty_018.csv,session_001,2026-07-28 08:38:09
Empty,Empty_019.csv,session_001,2026-07-28 08:38:24
Empty,Empty_020.csv,session_001,2026-07-28 08:38:39
Empty,Empty_021.csv,session_001,2026-07-28 08:38:54
Empty,Empty_022.csv,session_001,2026-07-28 08:39:09
Empty,Empty_023.csv,session_001,2026-07-28 08:39:24
Empty,Empty_024.csv,session_001,2026-07-28 08:39:39
Empty,Empty_025.csv,session_001,2026-07-28 08:39:54
Empty,Empty_026.csv,session_001,2026-07-28 08:40:09
Empty,Empty_027.csv,session_001,2026-07-28 08:40:24
Empty,Empty_028.csv,session_001,2026-07-28 08:40:39
Empty,Empty_029.csv,session_001,2026-07-28 08:40:54
Empty,Empty_030.csv,session_001,2026-07-28 08:41:09
Empty,Empty_031.csv,session_001,2026-07-28 08:41:24
Empty,Empty_032.csv,session_001,2026-07-28 08:41:39
Empty,Empty_033.csv,session_001,2026-07-28 08:41:54
Empty,Empty_034.csv,session_001,2026-07-28 08:42:09
Empty,Empty_035.csv,session_001,2026-07-28 08:42:24
Empty,Empty_036.csv,session_001,2026-07-28 08:42:40
Empty,Empty_037.csv,session_001,2026-07-28 08:42:55
Empty,Empty_038.csv,session_001,2026-07-28 08:43:10
Empty,Empty_039.csv,session_001,2026-07-28 08:43:25
Empty,Empty_040.csv,session_001,2026-07-28 08:43:40
Empty,Empty_041.csv,session_001,2026-07-28 08:43:55
Empty,Empty_042.csv,session_001,2026-07-28 08:44:10
Empty,Empty_043.csv,session_001,2026-07-28 08:44:25
Empty,Empty_044.csv,session_001,2026-07-28 08:44:40
Empty,Empty_045.csv,session_001,2026-07-28 08:44:55
Empty,Empty_046.csv,session_001,2026-07-28 08:45:10
Empty,Empty_047.csv,session_001,2026-07-28 08:45:25
Empty,Empty_048.csv,session_001,2026-07-28 08:45:40
Empty,Empty_049.csv,session_001,2026-07-28 08:45:55
Empty,Empty_050.csv,session_001,2026-07-28 08:46:10
Standing,Standing_001.csv,session_002,2026-07-29 08:10:18
Standing,Standing_002.csv,session_002,2026-07-29 08:10:33
Standing,Standing_003.csv,session_002,2026-07-29 08:10:48
Standing,Standing_004.csv,session_002,2026-07-29 08:11:03
Standing,Standing_005.csv,session_002,2026-07-29 08:11:18
Standing,Standing_006.csv,session_002,2026-07-29 08:11:33
Standing,Standing_007.csv,session_002,2026-07-29 08:11:48
Standing,Standing_008.csv,session_002,2026-07-29 08:12:03
Standing,Standing_009.csv,session_002,2026-07-29 08:12:18
Standing,Standing_010.csv,session_002,2026-07-29 08:12:33
Standing,Standing_011.csv,session_002,2026-07-29 08:12:48
Standing,Standing_012.csv,session_002,2026-07-29 08:13:03
Standing,Standing_013.csv,session_002,2026-07-29 08:13:18
Standing,Standing_014.csv,session_002,2026-07-29 08:13:33
Standing,Standing_015.csv,session_002,2026-07-29 08:13:48
Standing,Standing_016.csv,session_002,2026-07-29 08:14:03
Standing,Standing_017.csv,session_002,2026-07-29 08:14:19
Standing,Standing_018.csv,session_002,2026-07-29 08:14:34
Standing,Standing_019.csv,session_002,2026-07-29 08:14:49
Standing,Standing_020.csv,session_002,2026-07-29 08:15:04
Standing,Standing_021.csv,session_002,2026-07-29 08:15:19
Standing,Standing_022.csv,session_002,2026-07-29 08:15:34
Standing,Standing_023.csv,session_002,2026-07-29 08:15:49
Standing,Standing_024.csv,session_002,2026-07-29 08:16:04
Standing,Standing_025.csv,session_002,2026-07-29 08:16:19
Standing,Standing_026.csv,session_002,2026-07-29 08:20:28
Standing,Standing_027.csv,session_002,2026-07-29 08:20:43
Standing,Standing_028.csv,session_002,2026-07-29 08:20:58
Standing,Standing_029.csv,session_002,2026-07-29 08:21:13
Standing,Standing_030.csv,session_002,2026-07-29 08:21:29
Standing,Standing_031.csv,session_002,2026-07-29 08:21:44
Standing,Standing_032.csv,session_002,2026-07-29 08:21:59
Standing,Standing_033.csv,session_002,2026-07-29 08:22:14
Standing,Standing_034.csv,session_002,2026-07-29 08:22:29
Standing,Standing_035.csv,session_002,2026-07-29 08:22:44
Standing,Standing_036.csv,session_002,2026-07-29 08:22:59
Standing,Standing_037.csv,session_002,2026-07-29 08:23:14
Standing,Standing_038.csv,session_002,2026-07-29 08:23:29
Standing,Standing_039.csv,session_002,2026-07-29 08:23:44
Standing,Standing_040.csv,session_002,2026-07-29 08:23:59
Standing,Standing_041.csv,session_002,2026-07-29 08:24:14
Standing,Standing_042.csv,session_002,2026-07-29 08:24:29
Standing,Standing_043.csv,session_002,2026-07-29 08:24:44
Standing,Standing_044.csv,session_002,2026-07-29 08:24:59
Standing,Standing_045.csv,session_002,2026-07-29 08:25:14
Standing,Standing_046.csv,session_002,2026-07-29 08:25:29
Standing,Standing_047.csv,session_002,2026-07-29 08:25:44
Standing,Standing_048.csv,session_002,2026-07-29 08:25:59
Standing,Standing_049.csv,session_002,2026-07-29 08:26:14
Standing,Standing_050.csv,session_002,2026-07-29 08:26:29
Sitting,Sitting_001.csv,session_002,2026-07-29 08:29:32
Sitting,Sitting_002.csv,session_002,2026-07-29 08:29:47
Sitting,Sitting_003.csv,session_002,2026-07-29 08:30:02
Sitting,Sitting_004.csv,session_002,2026-07-29 08:30:17
Sitting,Sitting_005.csv,session_002,2026-07-29 08:30:32
Sitting,Sitting_006.csv,session_002,2026-07-29 08:30:47
Sitting,Sitting_007.csv,session_002,2026-07-29 08:31:02
Sitting,Sitting_008.csv,session_002,2026-07-29 08:31:17
Sitting,Sitting_009.csv,session_002,2026-07-29 08:31:32
Sitting,Sitting_010.csv,session_002,2026-07-29 08:31:47
Sitting,Sitting_011.csv,session_002,2026-07-29 08:32:02
Sitting,Sitting_012.csv,session_002,2026-07-29 08:32:18
Sitting,Sitting_013.csv,session_002,2026-07-29 08:32:33
Sitting,Sitting_014.csv,session_002,2026-07-29 08:32:48
Sitting,Sitting_015.csv,session_002,2026-07-29 08:33:03
Sitting,Sitting_016.csv,session_002,2026-07-29 08:33:18
Sitting,Sitting_017.csv,session_002,2026-07-29 08:33:33
Sitting,Sitting_018.csv,session_002,2026-07-29 08:33:48
Sitting,Sitting_019.csv,session_002,2026-07-29 08:34:03
Sitting,Sitting_020.csv,session_002,2026-07-29 08:34:18
Sitting,Sitting_021.csv,session_002,2026-07-29 08:34:33
Sitting,Sitting_022.csv,session_002,2026-07-29 08:34:48
Sitting,Sitting_023.csv,session_002,2026-07-29 08:35:03
Sitting,Sitting_024.csv,session_002,2026-07-29 08:35:18
Sitting,Sitting_025.csv,session_002,2026-07-29 08:35:33
Sitting,Sitting_026.csv,session_002,2026-07-29 08:37:06
Sitting,Sitting_027.csv,session_002,2026-07-29 08:37:21
Sitting,Sitting_028.csv,session_002,2026-07-29 08:37:36
Sitting,Sitting_029.csv,session_002,2026-07-29 08:37:51
Sitting,Sitting_030.csv,session_002,2026-07-29 08:38:06
Sitting,Sitting_031.csv,session_002,2026-07-29 08:38:21
Sitting,Sitting_032.csv,session_002,2026-07-29 08:38:36
Sitting,Sitting_033.csv,session_002,2026-07-29 08:38:51
Sitting,Sitting_034.csv,session_002,2026-07-29 08:39:06
Sitting,Sitting_035.csv,session_002,2026-07-29 08:39:21
Sitting,Sitting_036.csv,session_002,2026-07-29 08:39:36
Sitting,Sitting_037.csv,session_002,2026-07-29 08:39:51
Sitting,Sitting_038.csv,session_002,2026-07-29 08:40:06
Sitting,Sitting_039.csv,session_002,2026-07-29 08:40:21
Sitting,Sitting_040.csv,session_002,2026-07-29 08:40:36
Sitting,Sitting_041.csv,session_002,2026-07-29 08:40:51
Sitting,Sitting_042.csv,session_002,2026-07-29 08:41:06
Sitting,Sitting_043.csv,session_002,2026-07-29 08:41:21
Sitting,Sitting_044.csv,session_002,2026-07-29 08:41:36
Sitting,Sitting_045.csv,session_002,2026-07-29 08:41:51
Sitting,Sitting_046.csv,session_002,2026-07-29 08:42:06
Sitting,Sitting_047.csv,session_002,2026-07-29 08:42:21
Sitting,Sitting_048.csv,session_002,2026-07-29 08:42:36
Sitting,Sitting_049.csv,session_002,2026-07-29 08:42:51
Sitting,Sitting_050.csv,session_002,2026-07-29 08:43:06
Walking,Walking_001.csv,session_002,2026-07-29 08:45:27
Walking,Walking_002.csv,session_002,2026-07-29 08:45:42
Walking,Walking_003.csv,session_002,2026-07-29 08:45:57
Walking,Walking_004.csv,session_002,2026-07-29 08:46:12
Walking,Walking_005.csv,session_002,2026-07-29 08:46:27
Walking,Walking_006.csv,session_002,2026-07-29 08:46:42
Walking,Walking_007.csv,session_002,2026-07-29 08:46:57
Walking,Walking_008.csv,session_002,2026-07-29 08:47:12
Walking,Walking_009.csv,session_002,2026-07-29 08:47:27
Walking,Walking_010.csv,session_002,2026-07-29 08:47:42
Walking,Walking_011.csv,session_002,2026-07-29 08:47:57
Walking,Walking_012.csv,session_002,2026-07-29 08:48:12
Walking,Walking_013.csv,session_002,2026-07-29 08:48:27
Walking,Walking_014.csv,session_002,2026-07-29 08:48:42
Walking,Walking_015.csv,session_002,2026-07-29 08:48:57
Walking,Walking_016.csv,session_002,2026-07-29 08:49:12
Walking,Walking_017.csv,session_002,2026-07-29 08:49:27
Walking,Walking_018.csv,session_002,2026-07-29 08:49:42
Walking,Walking_019.csv,session_002,2026-07-29 08:49:57
Walking,Walking_020.csv,session_002,2026-07-29 08:50:12
Walking,Walking_021.csv,session_002,2026-07-29 08:50:27
Walking,Walking_022.csv,session_002,2026-07-29 08:50:42
Walking,Walking_023.csv,session_002,2026-07-29 08:50:57
Walking,Walking_024.csv,session_002,2026-07-29 08:51:13
Walking,Walking_025.csv,session_002,2026-07-29 08:51:28
Walking,Walking_026.csv,session_002,2026-07-29 08:53:01
Walking,Walking_027.csv,session_002,2026-07-29 08:53:16
Walking,Walking_028.csv,session_002,2026-07-29 08:53:31
Walking,Walking_029.csv,session_002,2026-07-29 08:53:46
Walking,Walking_030.csv,session_002,2026-07-29 08:54:01
Walking,Walking_031.csv,session_002,2026-07-29 08:54:16
Walking,Walking_032.csv,session_002,2026-07-29 08:54:32
Walking,Walking_033.csv,session_002,2026-07-29 08:54:47
Walking,Walking_034.csv,session_002,2026-07-29 08:55:02
Walking,Walking_035.csv,session_002,2026-07-29 08:55:17
Walking,Walking_036.csv,session_002,2026-07-29 08:55:32
Walking,Walking_037.csv,session_002,2026-07-29 08:55:47
Walking,Walking_038.csv,session_002,2026-07-29 08:56:02
Walking,Walking_039.csv,session_002,2026-07-29 08:56:17
Walking,Walking_040.csv,session_002,2026-07-29 08:56:32
Walking,Walking_041.csv,session_002,2026-07-29 08:56:47
Walking,Walking_042.csv,session_002,2026-07-29 08:57:02
Walking,Walking_043.csv,session_002,2026-07-29 08:57:17
Walking,Walking_044.csv,session_002,2026-07-29 08:57:32
Walking,Walking_045.csv,session_002,2026-07-29 08:57:47
Walking,Walking_046.csv,session_002,2026-07-29 08:58:02
Walking,Walking_047.csv,session_002,2026-07-29 08:58:17
Walking,Walking_048.csv,session_002,2026-07-29 08:58:32
Walking,Walking_049.csv,session_002,2026-07-29 08:58:47
Walking,Walking_050.csv,session_002,2026-07-29 08:59:02
Walking,Walking_051.csv,session_003,2026-08-04 08:36:06
Walking,Walking_052.csv,session_003,2026-08-04 08:38:47
Walking,Walking_053.csv,session_003,2026-08-04 08:47:05
Empty,Empty_051.csv,session_004,2026-08-12 13:56:29
Empty,Empty_052.csv,session_004,2026-08-12 13:56:50
Empty,Empty_053.csv,session_004,2026-08-12 13:57:11
Empty,Empty_054.csv,session_004,2026-08-12 13:57:32
Empty,Empty_055.csv,session_004,2026-08-12 13:57:53
Empty,Empty_056.csv,session_004,2026-08-12 13:58:14
Empty,Empty_057.csv,session_004,2026-08-12 13:58:35
Empty,Empty_058.csv,session_004,2026-08-12 13:58:56
Empty,Empty_059.csv,session_004,2026-08-12 13:59:17
Empty,Empty_060.csv,session_004,2026-08-12 13:59:38
Empty,Empty_061.csv,session_004,2026-08-12 13:59:59
Empty,Empty_062.csv,session_004,2026-08-12 14:00:20
Standing,Standing_051.csv,session_004,2026-08-12 14:05:42
Standing,Standing_052.csv,session_004,2026-08-12 14:06:03
Standing,Standing_053.csv,session_004,2026-08-12 14:06:24
Standing,Standing_054.csv,session_004,2026-08-12 14:06:45
Standing,Standing_055.csv,session_004,2026-08-12 14:07:06
Standing,Standing_056.csv,session_004,2026-08-12 14:07:27
Standing,Standing_057.csv,session_004,2026-08-12 14:07:48
Standing,Standing_058.csv,session_004,2026-08-12 14:08:09
Standing,Standing_059.csv,session_004,2026-08-12 14:08:30
Standing,Standing_060.csv,session_004,2026-08-12 14:08:51
Standing,Standing_061.csv,session_004,2026-08-12 14:09:12
Standing,Standing_062.csv,session_004,2026-08-12 14:09:33
Sitting,Sitting_051.csv,session_005,2026-08-12 14:48:52
Sitting,Sitting_052.csv,session_005,2026-08-12 14:49:13
Sitting,Sitting_053.csv,session_005,2026-08-12 14:49:34
Sitting,Sitting_054.csv,session_005,2026-08-12 14:49:55
Sitting,Sitting_055.csv,session_005,2026-08-12 14:50:16
Sitting,Sitting_056.csv,session_005,2026-08-12 14:50:37
Sitting,Sitting_057.csv,session_005,2026-08-12 14:50:59
Sitting,Sitting_058.csv,session_005,2026-08-12 14:51:20
Sitting,Sitting_059.csv,session_005,2026-08-12 14:51:41
Sitting,Sitting_060.csv,session_005,2026-08-12 14:52:02
Sitting,Sitting_061.csv,session_005,2026-08-12 14:52:23
Sitting,Sitting_062.csv,session_005,2026-08-12 14:52:44
Walking,Walking_054.csv,session_005,2026-08-12 15:01:00
Walking,Walking_055.csv,session_005,2026-08-12 15:01:21
Walking,Walking_056.csv,session_005,2026-08-12 15:01:42
Walking,Walking_057.csv,session_005,2026-08-12 15:02:03
Walking,Walking_058.csv,session_005,2026-08-12 15:02:24
Walking,Walking_059.csv,session_005,2026-08-12 15:02:45
Walking,Walking_060.csv,session_005,2026-08-12 15:03:06
Walking,Walking_061.csv,session_005,2026-08-12 15:03:27
Walking,Walking_062.csv,session_005,2026-08-12 15:03:48
Empty,Empty_063.csv,session_006,2026-08-13 16:10:57
